"profile","scenario","repetition","client_workload","nominal_events_per_second","cpu_core_percent","cpu_host_percent","rss_mean_bytes","rss_maximum_bytes","samples"
"150k-graal-delivery-r01","150k-graal-delivery","1","graal/delivery-only","150000","27.341999999999999","0.85399999999999998","101204361.21600001","106196631.552","480"
"150k-graal-delivery-r02","150k-graal-delivery","2","graal/delivery-only","150000","25.295000000000002","0.79000000000000004","100377034.752","105316876.288","480"
"150k-graal-delivery-r03","150k-graal-delivery","3","graal/delivery-only","150000","26.038","0.81399999999999995","98839822.335999995","104713945.088","480"
"375k-graal-delivery-r01","375k-graal-delivery","1","graal/delivery-only","375000","64.632000000000005","2.02","71220330.496000007","96399785.983999997","480"
"375k-graal-delivery-r02","375k-graal-delivery","2","graal/delivery-only","375000","62.479999999999997","1.952","72062337.024000004","96621035.519999996","482"
"375k-graal-delivery-r03","375k-graal-delivery","3","graal/delivery-only","375000","70.361999999999995","2.1989999999999998","71495057.408000007","96108281.856000006","481"
"500k-graal-delivery-r01","500k-graal-delivery","1","graal/delivery-only","500000","83.593999999999994","2.6120000000000001","69553094.656000003","88198873.088","481"
"500k-graal-delivery-r02","500k-graal-delivery","2","graal/delivery-only","500000","84.829999999999998","2.6509999999999998","70703382.527999997","88097161.216000006","482"
"500k-graal-delivery-r03","500k-graal-delivery","3","graal/delivery-only","500000","82.759","2.5859999999999999","69373788.159999996","87498424.319999993","481"
