window_start_utc,window_end_utc,sample_kind,samples,expected_per_batch,callbacks,clock_anomalies,missing_batches,pending_batches,min_us,mean_us,p50_us,p90_us,p95_us,p99_us,p999_us,max_us,q1_us,q3_us,iqr_us,outlier_threshold_us,outliers
2026-09-04T11:35:24.786573200Z,2026-09-04T11:35:34.826859700Z,event,1500000,150000,5034,0,0,0,212426,372873,369939,472024,487477,518338,534455,535715,312341,433270,120929,614664,0
2026-09-04T11:35:24.786573200Z,2026-09-04T11:35:34.826859700Z,event-quote,500000,50000,5034,0,0,0,212426,293949,295295,333427,346388,362206,365083,365685,271302,316587,45284.2,384513,0
2026-09-04T11:35:24.786573200Z,2026-09-04T11:35:34.826859700Z,event-trade,500000,50000,5034,0,0,0,283181,372156,371106,419632,433704,448944,453144,453951,346255,398540,52284.6,476967,0
2026-09-04T11:35:24.786573200Z,2026-09-04T11:35:34.826859700Z,event-summary,500000,50000,5034,0,0,0,358285,452515,454692,497311,510162,527237,535207,535715,427507,477652,50144.6,552869,0
2026-09-04T11:35:24.786573200Z,2026-09-04T11:35:34.826859700Z,batch,10,1,5034,0,0,0,431916,491955,489896,524606,530160,534604,535604,535715,485278,503164,17885.1,529991,1
2026-09-04T11:35:34.826859700Z,2026-09-04T11:35:44.843415800Z,event,1500000,150000,5191,0,0,0,241845,382206,380846,479014,500123,554421,577402,583682,318301,443579,125278,631497,0
2026-09-04T11:35:34.826859700Z,2026-09-04T11:35:44.843415800Z,event-quote,500000,50000,5191,0,0,0,241845,301793,298401,347741,366191,401277,410152,410990,277407,319097,41690.1,381632,16000
2026-09-04T11:35:34.826859700Z,2026-09-04T11:35:44.843415800Z,event-trade,500000,50000,5191,0,0,0,315048,381208,376492,429838,457886,494428,500123,501204,352066,402135,50068.8,477238,14948
2026-09-04T11:35:34.826859700Z,2026-09-04T11:35:44.843415800Z,event-summary,500000,50000,5191,0,0,0,401569,463616,460002,509874,541256,571227,579326,583682,436867,481044,44176.5,547309,20512
2026-09-04T11:35:34.826859700Z,2026-09-04T11:35:44.843415800Z,batch,10,1,5191,0,0,0,478630,502198,489733,523559,553621,577669,583080,583682,482405,509759,27354,550790,1
2026-09-04T11:35:44.843415800Z,2026-09-04T11:35:54.873931500Z,event,1500000,150000,5124,0,0,0,246036,386472,387449,482805,502587,532426,556352,558228,325747,445972,120225,626310,0
2026-09-04T11:35:44.843415800Z,2026-09-04T11:35:54.873931500Z,event-quote,500000,50000,5124,0,0,0,246036,308822,306571,352576,364510,399167,406056,406735,285243,328815,43571.8,394173,9000
2026-09-04T11:35:44.843415800Z,2026-09-04T11:35:54.873931500Z,event-trade,500000,50000,5124,0,0,0,319137,385699,385222,434612,446586,473829,480800,481567,357480,410454,52974.3,489916,0
2026-09-04T11:35:44.843415800Z,2026-09-04T11:35:54.873931500Z,event-summary,500000,50000,5124,0,0,0,392773,464895,462887,511548,523194,552082,557548,558228,440305,487188,46883.8,557514,1192
2026-09-04T11:35:44.843415800Z,2026-09-04T11:35:54.873931500Z,batch,10,1,5124,0,0,0,465434,505006,493330,532609,545419,555666,557972,558228,489982,523225,33242.9,573089,0
2026-09-04T11:35:54.873931500Z,2026-09-04T11:36:04.821690700Z,event,1500000,150000,5010,0,0,0,216845,372107,369465,469078,485601,516850,533387,539935,313227,432269,119042,610832,0
2026-09-04T11:35:54.873931500Z,2026-09-04T11:36:04.821690700Z,event-quote,500000,50000,5010,0,0,0,216845,294675,293170,338680,352075,372690,379003,379776,271265,318331,47065.8,388930,0
2026-09-04T11:35:54.873931500Z,2026-09-04T11:36:04.821690700Z,event-trade,500000,50000,5010,0,0,0,295479,371224,367859,418315,433928,456089,462604,463312,343504,398970,55465.1,482167,0
2026-09-04T11:35:54.873931500Z,2026-09-04T11:36:04.821690700Z,event-summary,500000,50000,5010,0,0,0,371508,450424,449703,494641,509962,529277,534915,539935,426904,474232,47328.2,545224,0
2026-09-04T11:35:54.873931500Z,2026-09-04T11:36:04.821690700Z,batch,10,1,5010,0,0,0,452784,488769,489870,521414,530675,538083,539750,539935,468625,498996,30370.5,544552,0
2026-09-04T11:36:04.821690700Z,2026-09-04T11:36:14.832267000Z,event,1500000,150000,5127,0,0,0,245170,381091,381808,477372,490426,514196,524660,527610,318713,443109,124396,629703,0
2026-09-04T11:36:04.821690700Z,2026-09-04T11:36:14.832267000Z,event-quote,500000,50000,5127,0,0,0,245170,300345,300557,334560,345110,360197,367355,367945,280356,318671,38314.9,376144,0
2026-09-04T11:36:04.821690700Z,2026-09-04T11:36:14.832267000Z,event-trade,500000,50000,5127,0,0,0,319199,381003,381808,420251,430410,445731,449788,450552,355916,403721,47804.2,475427,0
2026-09-04T11:36:04.821690700Z,2026-09-04T11:36:14.832267000Z,event-summary,500000,50000,5127,0,0,0,407839,461926,462229,497334,507047,522372,526382,527610,441207,481242,40034.6,541294,0
2026-09-04T11:36:04.821690700Z,2026-09-04T11:36:14.832267000Z,batch,10,1,5127,0,0,0,482926,501163,496179,526505,527057,527499,527599,527610,491416,510073,18657.3,538059,0
2026-09-04T11:36:14.832267000Z,2026-09-04T11:36:24.847108600Z,event,1500000,150000,5074,0,0,0,224351,368984,364617,465215,479362,507139,519808,526635,309795,428695,118900,607044,0
2026-09-04T11:36:14.832267000Z,2026-09-04T11:36:24.847108600Z,event-quote,500000,50000,5074,0,0,0,224351,291422,291342,325999,337971,352053,357934,358666,270789,311253,40463.7,371948,0
2026-09-04T11:36:14.832267000Z,2026-09-04T11:36:24.847108600Z,event-trade,500000,50000,5074,0,0,0,299100,367332,364617,409112,420882,439213,445767,446450,344096,390296,46200.5,459597,0
2026-09-04T11:36:14.832267000Z,2026-09-04T11:36:24.847108600Z,event-summary,500000,50000,5074,0,0,0,371212,448197,448551,487846,499854,514972,521409,526635,425242,469598,44355.7,536131,0
2026-09-04T11:36:14.832267000Z,2026-09-04T11:36:24.847108600Z,batch,10,1,5074,0,0,0,450695,486726,483687,514650,520643,525436,526515,526635,476398,495459,19061,524050,1
2026-09-04T11:36:24.847108600Z,2026-09-04T11:36:34.878475400Z,event,1500000,150000,5078,0,0,0,226180,379410,378139,476541,492845,524522,539677,541996,319033,439350,120317,619826,0
2026-09-04T11:36:24.847108600Z,2026-09-04T11:36:34.878475400Z,event-quote,500000,50000,5078,0,0,0,226180,301270,299429,342114,357908,385034,390935,391662,277867,321008,43140.9,385720,4500
2026-09-04T11:36:24.847108600Z,2026-09-04T11:36:34.878475400Z,event-trade,500000,50000,5078,0,0,0,301766,378271,376432,421975,440105,460782,468495,468495,352408,402095,49686.8,476625,0
2026-09-04T11:36:24.847108600Z,2026-09-04T11:36:34.878475400Z,event-summary,500000,50000,5078,0,0,0,385107,458690,458326,501800,516708,534993,541341,541996,434170,481248,47077.5,551864,0
2026-09-04T11:36:24.847108600Z,2026-09-04T11:36:34.878475400Z,batch,10,1,5078,0,0,0,463014,497974,496328,531157,536577,540912,541888,541996,485328,506577,21248.2,538449,1
2026-09-04T11:36:34.878475400Z,2026-09-04T11:36:44.795905600Z,event,1500000,150000,5148,0,0,0,231400,370908,367460,467508,480817,498827,515914,521798,311116,431501,120385,612079,0
2026-09-04T11:36:34.878475400Z,2026-09-04T11:36:44.795905600Z,event-quote,500000,50000,5148,0,0,0,231400,292344,292211,326035,335316,347719,354068,354772,272942,312094,39152.3,370823,0
2026-09-04T11:36:34.878475400Z,2026-09-04T11:36:44.795905600Z,event-trade,500000,50000,5148,0,0,0,302709,369399,367460,407301,416467,433173,439366,440016,347250,393108,45858.1,461895,0
2026-09-04T11:36:34.878475400Z,2026-09-04T11:36:44.795905600Z,event-summary,500000,50000,5148,0,0,0,378390,450980,450621,487070,494784,511163,516666,521798,430423,472073,41649.8,534548,0
2026-09-04T11:36:34.878475400Z,2026-09-04T11:36:44.795905600Z,batch,10,1,5148,0,0,0,458913,490815,489896,504370,513084,520055,521624,521798,482940,500967,18026.5,528006,0
2026-09-04T11:36:44.795905600Z,2026-09-04T11:36:54.803142300Z,event,1500000,150000,5111,0,0,0,212637,362954,358761,458924,473910,499992,510080,512133,304161,422292,118131,599488,0
2026-09-04T11:36:44.795905600Z,2026-09-04T11:36:54.803142300Z,event-quote,500000,50000,5111,0,0,0,212637,285845,286027,323756,334714,350232,354689,355412,264965,306714,41748.7,369337,0
2026-09-04T11:36:44.795905600Z,2026-09-04T11:36:54.803142300Z,event-trade,500000,50000,5111,0,0,0,284007,360950,358761,404583,415315,429575,436049,436792,338462,383947,45484.6,452174,0
2026-09-04T11:36:44.795905600Z,2026-09-04T11:36:54.803142300Z,event-summary,500000,50000,5111,0,0,0,360679,442068,442899,481488,493109,506467,511598,512133,419904,463157,43253.1,528037,0
2026-09-04T11:36:44.795905600Z,2026-09-04T11:36:54.803142300Z,batch,10,1,5111,0,0,0,452861,482247,481523,505124,508629,511432,512063,512133,467441,500110,32668.7,549113,0
2026-09-04T11:36:54.803142300Z,2026-09-04T11:37:04.801708600Z,event,1500000,150000,5077,0,0,0,206946,380460,378910,481629,497305,520309,533204,539572,320460,441216,120756,622350,0
2026-09-04T11:36:54.803142300Z,2026-09-04T11:37:04.801708600Z,event-quote,500000,50000,5077,0,0,0,206946,300688,302643,341050,347841,364315,371144,371929,280058,325873,45815,394595,0
2026-09-04T11:36:54.803142300Z,2026-09-04T11:37:04.801708600Z,event-trade,500000,50000,5077,0,0,0,285555,380065,382280,424186,435535,451149,457797,458444,355059,407359,52300,485809,0
2026-09-04T11:36:54.803142300Z,2026-09-04T11:37:04.801708600Z,event-summary,500000,50000,5077,0,0,0,360920,460626,462921,504030,513572,529901,539572,539572,437426,486473,49046.9,560043,0
2026-09-04T11:36:54.803142300Z,2026-09-04T11:37:04.801708600Z,batch,10,1,5077,0,0,0,439185,499829,504853,527926,533749,538407,539455,539572,492262,517587,25324.7,555574,0
2026-09-04T11:37:04.801708600Z,2026-09-04T11:37:14.816045100Z,event,1500000,150000,5161,0,0,0,232573,377662,373144,476536,489471,504043,516838,523372,315952,440238,124286,626666,0
2026-09-04T11:37:04.801708600Z,2026-09-04T11:37:14.816045100Z,event-quote,500000,50000,5161,0,0,0,232573,297684,297634,332116,338543,349055,356234,356986,278833,317882,39048.9,376455,0
2026-09-04T11:37:04.801708600Z,2026-09-04T11:37:14.816045100Z,event-trade,500000,50000,5161,0,0,0,306927,375481,373144,415508,421904,431913,438827,439545,353196,400776,47580.4,472147,0
2026-09-04T11:37:04.801708600Z,2026-09-04T11:37:14.816045100Z,event-summary,500000,50000,5161,0,0,0,385638,459821,460411,494572,500718,512247,518340,523372,440238,480570,40332.2,541068,0
2026-09-04T11:37:04.801708600Z,2026-09-04T11:37:14.816045100Z,batch,10,1,5161,0,0,0,463980,498997,501192,511029,517200,522137,523248,523372,494428,505942,11514.6,523214,1
2026-09-04T11:37:14.816045100Z,2026-09-04T11:37:24.822740800Z,event,1500000,150000,5133,0,0,0,251448,386017,388018,480007,493007,515127,521562,525361,326072,445766,119694,625306,0
2026-09-04T11:37:14.816045100Z,2026-09-04T11:37:24.822740800Z,event-quote,500000,50000,5133,0,0,0,251448,307602,307716,340734,350652,362231,367456,368083,288556,326302,37745.4,382920,0
2026-09-04T11:37:14.816045100Z,2026-09-04T11:37:24.822740800Z,event-trade,500000,50000,5133,0,0,0,324704,385744,388018,423356,433715,444471,448065,448680,361891,407192,45300.9,475143,0
2026-09-04T11:37:14.816045100Z,2026-09-04T11:37:24.822740800Z,event-summary,500000,50000,5133,0,0,0,404892,464706,464839,499882,509560,519730,522350,525361,445063,484554,39490.5,543790,0
2026-09-04T11:37:14.816045100Z,2026-09-04T11:37:24.822740800Z,batch,10,1,5133,0,0,0,477877,503396,500244,522818,524090,525107,525336,525361,493346,518506,25160.7,556247,0
2026-09-04T11:37:24.822740800Z,2026-09-04T11:37:34.842678600Z,event,1500000,150000,5209,0,0,0,234928,389061,391234,488449,502384,517074,534757,536751,327959,449615,121656,632100,0
2026-09-04T11:37:24.822740800Z,2026-09-04T11:37:34.842678600Z,event-quote,500000,50000,5209,0,0,0,234928,307104,308140,345799,352244,374723,383416,384787,283943,330127,46183.8,399403,0
2026-09-04T11:37:24.822740800Z,2026-09-04T11:37:34.842678600Z,event-trade,500000,50000,5209,0,0,0,313184,389671,391234,429424,436021,455948,462401,463044,365705,413535,47829.7,485279,0
2026-09-04T11:37:24.822740800Z,2026-09-04T11:37:34.842678600Z,event-summary,500000,50000,5209,0,0,0,396386,470407,470469,508558,513684,530417,536124,536751,448440,493159,44719,560238,0
2026-09-04T11:37:24.822740800Z,2026-09-04T11:37:34.842678600Z,batch,10,1,5209,0,0,0,477963,510255,515300,523897,530324,535465,536622,536751,503629,518503,14874,540814,0
2026-09-04T11:37:34.842678600Z,2026-09-04T11:37:44.876968700Z,event,1500000,150000,5102,0,0,0,239090,389141,390604,486184,501727,538046,559666,565146,326536,450702,124166,636950,0
2026-09-04T11:37:34.842678600Z,2026-09-04T11:37:44.876968700Z,event-quote,500000,50000,5102,0,0,0,239090,307615,306774,344315,354707,385126,393294,394027,285948,327534,41585.9,389913,2750
2026-09-04T11:37:34.842678600Z,2026-09-04T11:37:44.876968700Z,event-trade,500000,50000,5102,0,0,0,315491,389109,389942,429021,442496,469016,475838,476429,363271,412032,48760.2,485172,0
2026-09-04T11:37:34.842678600Z,2026-09-04T11:37:44.876968700Z,event-summary,500000,50000,5102,0,0,0,401312,470698,470285,509248,525389,554594,561743,565146,447805,490516,42710.2,554581,5239
2026-09-04T11:37:34.842678600Z,2026-09-04T11:37:44.876968700Z,batch,10,1,5102,0,0,0,480202,510501,507598,531515,548331,561783,564810,565146,494219,517143,22924.4,551530,1
2026-09-04T11:37:44.876968700Z,2026-09-04T11:37:54.835683200Z,event,1500000,150000,5206,0,0,0,231856,381049,382302,482010,499282,527217,548805,551181,317945,443298,125353,631327,0
2026-09-04T11:37:44.876968700Z,2026-09-04T11:37:54.835683200Z,event-quote,500000,50000,5206,0,0,0,231856,299650,298936,343052,358446,378253,388147,389392,275884,320197,44313.1,386667,1000
2026-09-04T11:37:44.876968700Z,2026-09-04T11:37:54.835683200Z,event-trade,500000,50000,5206,0,0,0,305018,380604,381482,428915,441510,465479,472130,472768,350788,407001,56212.2,491319,0
2026-09-04T11:37:44.876968700Z,2026-09-04T11:37:54.835683200Z,event-summary,500000,50000,5206,0,0,0,381954,462894,461930,507982,519740,543650,550478,551181,438746,486520,47773.5,558180,0
2026-09-04T11:37:44.876968700Z,2026-09-04T11:37:54.835683200Z,batch,10,1,5206,0,0,0,467173,502704,498915,530449,540815,549108,550974,551181,490350,519934,29584,564310,0
2026-09-04T11:37:54.835683200Z,2026-09-04T11:38:04.857821900Z,event,1500000,150000,5170,0,0,0,243767,376026,373096,472525,484558,515157,532453,534389,314647,436678,122031,619723,0
2026-09-04T11:37:54.835683200Z,2026-09-04T11:38:04.857821900Z,event-quote,500000,50000,5170,0,0,0,243767,296390,296387,327743,345551,367703,374342,374876,275216,314638,39422.4,373772,1250
2026-09-04T11:37:54.835683200Z,2026-09-04T11:38:04.857821900Z,event-trade,500000,50000,5170,0,0,0,319784,375114,372725,411731,430155,450861,459675,460337,350918,397086,46167.6,466337,0
2026-09-04T11:37:54.835683200Z,2026-09-04T11:38:04.857821900Z,event-summary,500000,50000,5170,0,0,0,403939,456573,456022,493432,508636,527974,533943,534389,433552,476651,43098.6,541299,0
2026-09-04T11:37:54.835683200Z,2026-09-04T11:38:04.857821900Z,batch,10,1,5170,0,0,0,480853,494895,486566,519116,526753,532862,534237,534389,483885,498085,14200.4,519386,1
2026-09-04T11:38:04.857821900Z,2026-09-04T11:38:14.855048800Z,event,1500000,150000,5090,0,0,0,227784,374200,371876,470435,485049,517594,541453,543541,313257,434279,121022,615812,0
2026-09-04T11:38:04.857821900Z,2026-09-04T11:38:14.855048800Z,event-quote,500000,50000,5090,0,0,0,227784,295371,294918,329376,338018,363778,371257,372403,275061,314840,39779.4,374509,0
2026-09-04T11:38:04.857821900Z,2026-09-04T11:38:14.855048800Z,event-trade,500000,50000,5090,0,0,0,297330,373627,371819,414486,428608,450532,456174,457393,347881,398319,50437.4,473975,0
2026-09-04T11:38:04.857821900Z,2026-09-04T11:38:14.855048800Z,event-summary,500000,50000,5090,0,0,0,373920,453602,453320,491461,506305,536305,543008,543541,430587,474738,44151,540964,2020
2026-09-04T11:38:04.857821900Z,2026-09-04T11:38:14.855048800Z,batch,10,1,5090,0,0,0,448220,492406,491752,512943,528242,540482,543235,543541,481503,497527,16023.6,521562,1
2026-09-04T11:38:14.855048800Z,2026-09-04T11:38:24.872541900Z,event,1500000,150000,5138,0,0,0,236317,374315,370208,467069,481078,509291,528873,531232,315312,433841,118529,611634,0
2026-09-04T11:38:14.855048800Z,2026-09-04T11:38:24.872541900Z,event-quote,500000,50000,5138,0,0,0,236317,296382,297228,329577,338513,349891,354845,355710,277251,315378,38127.1,372569,0
2026-09-04T11:38:14.855048800Z,2026-09-04T11:38:24.872541900Z,event-trade,500000,50000,5138,0,0,0,314789,373605,370208,412889,425274,439231,445734,446486,350957,395307,44350.1,461832,0
2026-09-04T11:38:14.855048800Z,2026-09-04T11:38:24.872541900Z,event-summary,500000,50000,5138,0,0,0,394246,452958,452127,489884,503861,523537,530689,531232,432008,472116,40107.6,532277,0
2026-09-04T11:38:14.855048800Z,2026-09-04T11:38:24.872541900Z,batch,10,1,5138,0,0,0,467660,491242,485044,514593,522913,529568,531066,531232,482620,501766,19145.8,530484,1
2026-09-04T11:38:24.872541900Z,2026-09-04T11:38:34.878233000Z,event,1500000,150000,5056,0,0,0,221252,382305,381925,483410,500559,519568,530691,533216,321948,442441,120492,623179,0
2026-09-04T11:38:24.872541900Z,2026-09-04T11:38:34.878233000Z,event-quote,500000,50000,5056,0,0,0,221252,302518,303239,344459,352197,362022,367787,368421,281095,328092,46997.2,398588,0
2026-09-04T11:38:24.872541900Z,2026-09-04T11:38:34.878233000Z,event-trade,500000,50000,5056,0,0,0,296065,381799,382362,428191,436083,445849,449902,450743,357760,410223,52463,488917,0
2026-09-04T11:38:24.872541900Z,2026-09-04T11:38:34.878233000Z,event-summary,500000,50000,5056,0,0,0,378438,462597,462311,507858,514573,527209,532597,533216,440568,489191,48623.9,562127,0
2026-09-04T11:38:24.872541900Z,2026-09-04T11:38:34.878233000Z,batch,10,1,5056,0,0,0,459663,501935,510571,528922,531069,532787,533173,533216,478260,519354,41093.8,580995,0
2026-09-04T11:38:34.878233000Z,2026-09-04T11:38:44.793464400Z,event,1500000,150000,5141,0,0,0,217330,379379,375895,481764,498922,517354,526760,529245,315882,441702,125819,630430,0
2026-09-04T11:38:34.878233000Z,2026-09-04T11:38:44.793464400Z,event-quote,500000,50000,5141,0,0,0,217330,296758,297337,333396,341000,350445,354786,355525,277339,317906,40566.8,378756,0
2026-09-04T11:38:34.878233000Z,2026-09-04T11:38:44.793464400Z,event-trade,500000,50000,5141,0,0,0,298001,378363,375895,423259,431084,441151,444656,445391,354339,404099,49759.8,478739,0
2026-09-04T11:38:34.878233000Z,2026-09-04T11:38:44.793464400Z,event-summary,500000,50000,5141,0,0,0,382486,463015,462847,505602,513584,524118,528790,529245,441006,486900,45894,555741,0
2026-09-04T11:38:34.878233000Z,2026-09-04T11:38:44.793464400Z,batch,10,1,5141,0,0,0,465460,503042,510738,526392,527819,528960,529217,529245,485630,519184,33554.4,569516,0
2026-09-04T11:38:44.793464400Z,2026-09-04T11:38:54.830050800Z,event,1500000,150000,5089,0,0,0,214606,371083,365990,469377,496570,548194,571380,574129,308455,430336,121881,613158,0
2026-09-04T11:38:44.793464400Z,2026-09-04T11:38:54.830050800Z,event-quote,500000,50000,5089,0,0,0,214606,293160,289114,338019,362917,406428,413207,413985,268172,312549,44377,379115,17500
2026-09-04T11:38:44.793464400Z,2026-09-04T11:38:54.830050800Z,event-trade,500000,50000,5089,0,0,0,288441,368538,362129,423840,450368,480466,487691,488682,338916,393989,55073.5,476599,6944
2026-09-04T11:38:44.793464400Z,2026-09-04T11:38:54.830050800Z,event-summary,500000,50000,5089,0,0,0,363990,451552,444958,520545,541203,564370,573360,574129,422155,475146,52990.6,554632,10024
2026-09-04T11:38:44.793464400Z,2026-09-04T11:38:54.830050800Z,batch,10,1,5089,0,0,0,440771,492834,486905,551682,562905,571884,573904,574129,463378,504868,41489.8,567103,1
2026-09-04T11:38:54.830050800Z,2026-09-04T11:39:04.817082700Z,event,1500000,150000,5086,0,0,0,223009,381482,380319,482872,505954,537758,560439,562542,320367,441067,120700,622118,0
2026-09-04T11:38:54.830050800Z,2026-09-04T11:39:04.817082700Z,event-quote,500000,50000,5086,0,0,0,223009,300533,299558,346646,361717,376539,384715,385102,276038,324632,48594.9,397525,0
2026-09-04T11:38:54.830050800Z,2026-09-04T11:39:04.817082700Z,event-trade,500000,50000,5086,0,0,0,299472,379716,379365,426387,440084,456325,459967,461014,352904,406087,53183.6,485862,0
2026-09-04T11:38:54.830050800Z,2026-09-04T11:39:04.817082700Z,event-summary,500000,50000,5086,0,0,0,386806,464198,462591,518441,532025,554685,562038,562542,435719,488581,52862.7,567875,0
2026-09-04T11:38:54.830050800Z,2026-09-04T11:39:04.817082700Z,batch,10,1,5086,0,0,0,467437,503716,495945,543552,553047,560643,562352,562542,478449,529932,51483.7,607158,0
2026-09-04T11:39:04.817082700Z,2026-09-04T11:39:14.825466500Z,event,1500000,150000,5452,0,0,0,220672,357478,352858,453042,473798,512110,525649,527884,299497,414078,114581,585950,0
2026-09-04T11:39:04.817082700Z,2026-09-04T11:39:14.825466500Z,event-quote,500000,50000,5452,0,0,0,220672,282635,280544,323430,338097,356399,364814,365305,260164,302239,42074.7,365351,0
2026-09-04T11:39:04.817082700Z,2026-09-04T11:39:14.825466500Z,event-trade,500000,50000,5452,0,0,0,291970,355335,351620,405500,419786,440045,446409,447198,330165,376673,46507.5,446434,320
2026-09-04T11:39:04.817082700Z,2026-09-04T11:39:14.825466500Z,event-summary,500000,50000,5452,0,0,0,359049,434465,431605,484442,504156,520852,527134,527884,407033,459534,52500.2,538284,0
2026-09-04T11:39:04.817082700Z,2026-09-04T11:39:14.825466500Z,batch,10,1,5452,0,0,0,427219,472600,472243,518736,523310,526969,527793,527884,447607,485773,38165.6,543021,0
2026-09-04T11:39:14.825466500Z,2026-09-04T11:39:24.825901200Z,event,1500000,150000,5489,0,0,0,201067,323459,321903,405392,420091,438510,447812,449656,273967,369869,95902.2,513722,0
2026-09-04T11:39:14.825466500Z,2026-09-04T11:39:24.825901200Z,event-quote,500000,50000,5489,0,0,0,201067,258945,258323,290418,296533,307963,313770,314445,242493,276349,33856.4,327134,0
2026-09-04T11:39:14.825466500Z,2026-09-04T11:39:24.825901200Z,event-trade,500000,50000,5489,0,0,0,259327,321412,321903,353136,358455,372224,380680,381553,305107,339385,34277.9,390801,0
2026-09-04T11:39:14.825466500Z,2026-09-04T11:39:24.825901200Z,event-summary,500000,50000,5489,0,0,0,327101,390021,390867,427085,435406,443761,449217,449656,368976,409194,40219,469523,0
2026-09-04T11:39:14.825466500Z,2026-09-04T11:39:24.825901200Z,batch,10,1,5489,0,0,0,396016,425524,427852,443616,446636,449052,449596,449656,412811,440642,27830.9,482389,0
2026-09-04T11:39:24.825901200Z,2026-09-04T11:39:34.820134700Z,event,1500000,150000,5474,0,0,0,210638,376371,366189,505047,538903,606341,626627,632327,308110,433714,125604,622120,4780
2026-09-04T11:39:24.825901200Z,2026-09-04T11:39:34.820134700Z,event-quote,500000,50000,5474,0,0,0,210638,301022,288770,385091,408365,438340,446517,447460,258330,339520,81190,461305,0
2026-09-04T11:39:24.825901200Z,2026-09-04T11:39:34.820134700Z,event-trade,500000,50000,5474,0,0,0,277399,375512,358466,469366,498421,537877,546171,547127,323419,424818,101400,576918,0
2026-09-04T11:39:24.825901200Z,2026-09-04T11:39:34.820134700Z,event-summary,500000,50000,5474,0,0,0,342367,452579,437410,555642,589749,621692,628116,632327,393336,506697,113361,676739,0
2026-09-04T11:39:24.825901200Z,2026-09-04T11:39:34.820134700Z,batch,10,1,5474,0,0,0,414046,490705,472351,570786,601556,626173,631711,632327,423198,542317,119119,720995,0
2026-09-04T11:39:34.820134700Z,2026-09-04T11:39:44.890828100Z,event,1500000,150000,5499,0,0,0,202126,328583,324898,416020,437183,505220,525679,527720,274957,375869,100912,527237,364
2026-09-04T11:39:34.820134700Z,2026-09-04T11:39:44.890828100Z,event-quote,500000,50000,5499,0,0,0,202126,260639,257523,296938,319333,350753,356864,357734,240064,277815,37751.5,334442,15500
2026-09-04T11:39:34.820134700Z,2026-09-04T11:39:44.890828100Z,event-trade,500000,50000,5499,0,0,0,266724,326588,321731,369159,404322,437836,445341,446151,302508,341968,39460.6,401159,27092
2026-09-04T11:39:34.820134700Z,2026-09-04T11:39:44.890828100Z,event-summary,500000,50000,5499,0,0,0,329117,398523,393770,449818,489148,520696,527207,527720,367899,417537,49638.2,491994,23272
2026-09-04T11:39:34.820134700Z,2026-09-04T11:39:44.890828100Z,batch,10,1,5499,0,0,0,393925,433670,424366,460174,493947,520965,527044,527720,410379,443470,33090.8,493106,1
2026-09-04T11:39:44.890828100Z,2026-09-04T11:39:54.851571400Z,event,1500000,150000,5484,0,0,0,208579,324351,322356,405990,417814,433587,445991,447806,274847,371863,97016.6,517388,0
2026-09-04T11:39:44.890828100Z,2026-09-04T11:39:54.851571400Z,event-quote,500000,50000,5484,0,0,0,208579,259499,259741,288192,296692,306414,310661,311189,243747,274809,31061.5,321401,0
2026-09-04T11:39:44.890828100Z,2026-09-04T11:39:54.851571400Z,event-trade,500000,50000,5484,0,0,0,275540,322295,322356,351018,358848,367133,370345,370967,306055,338194,32139,386403,0
2026-09-04T11:39:44.890828100Z,2026-09-04T11:39:54.851571400Z,event-summary,500000,50000,5484,0,0,0,339222,391257,392658,423260,430154,441866,447338,447806,371863,409620,37757,466256,0
2026-09-04T11:39:44.890828100Z,2026-09-04T11:39:54.851571400Z,batch,10,1,5484,0,0,0,403716,424939,425440,438420,443113,446867,447712,447806,415154,435339,20185.8,465618,0
2026-09-04T11:39:54.851571400Z,2026-09-04T11:40:04.853398600Z,event,1500000,150000,5396,0,0,0,195972,320415,313865,421092,454594,500157,510891,516456,265344,362077,96732.5,507176,5696
2026-09-04T11:39:54.851571400Z,2026-09-04T11:40:04.853398600Z,event-quote,500000,50000,5396,0,0,0,195972,252420,247384,290904,318549,353347,360910,361570,229838,267636,37798.2,324334,22000
2026-09-04T11:39:54.851571400Z,2026-09-04T11:40:04.853398600Z,event-trade,500000,50000,5396,0,0,0,255247,318740,309758,378197,407665,431247,437826,438487,291437,336142,44705,403200,30724
2026-09-04T11:39:54.851571400Z,2026-09-04T11:40:04.853398600Z,event-summary,500000,50000,5396,0,0,0,314063,390085,373539,470797,491530,507675,512200,516456,349681,426918,77237.1,542774,0
2026-09-04T11:39:54.851571400Z,2026-09-04T11:40:04.853398600Z,batch,10,1,5396,0,0,0,368890,425034,409366,509895,513175,515800,516390,516456,378082,456696,78613.7,574617,0
2026-09-04T11:40:04.853398600Z,2026-09-04T11:40:14.850109200Z,event,1500000,150000,5418,0,0,0,180885,300550,298688,375536,399168,459316,479376,481233,254168,341159,86991,471646,7816
2026-09-04T11:40:04.853398600Z,2026-09-04T11:40:14.850109200Z,event-quote,500000,50000,5418,0,0,0,180885,241143,239120,276791,291982,311339,318586,319244,221919,257290,35371.8,310348,5750
2026-09-04T11:40:04.853398600Z,2026-09-04T11:40:14.850109200Z,event-trade,500000,50000,5418,0,0,0,233292,300466,297367,340077,360195,393736,400993,401850,278489,319598,41109.2,381262,12464
2026-09-04T11:40:04.853398600Z,2026-09-04T11:40:14.850109200Z,event-summary,500000,50000,5418,0,0,0,292934,360041,352424,410322,443636,474715,480818,481233,333418,379619,46201.5,448921,21892
2026-09-04T11:40:04.853398600Z,2026-09-04T11:40:14.850109200Z,batch,10,1,5418,0,0,0,351851,392584,384170,423716,452475,475481,480658,481233,364177,410518,46341,480030,1
2026-09-04T11:40:14.850109200Z,2026-09-04T11:40:24.838836000Z,event,1500000,150000,5431,0,0,0,218738,345830,341143,435793,460490,528699,549629,551820,289644,397998,108353,560528,0
2026-09-04T11:40:14.850109200Z,2026-09-04T11:40:24.838836000Z,event-quote,500000,50000,5431,0,0,0,218738,276419,271788,316507,350168,389007,396850,397509,253228,290799,37571.5,347156,26750
2026-09-04T11:40:14.850109200Z,2026-09-04T11:40:24.838836000Z,event-trade,500000,50000,5431,0,0,0,283729,344184,336786,401358,437624,467877,473731,474659,317999,357678,39679,417196,37580
2026-09-04T11:40:14.850109200Z,2026-09-04T11:40:24.838836000Z,event-summary,500000,50000,5431,0,0,0,344555,416888,410235,478195,514534,544695,551312,551820,386915,435479,48563.9,508325,29344
2026-09-04T11:40:14.850109200Z,2026-09-04T11:40:24.838836000Z,batch,10,1,5431,0,0,0,409591,453396,442320,491959,521889,545834,551221,551820,430409,461145,30735.6,507248,1
2026-09-04T11:40:24.838836000Z,2026-09-04T11:40:34.889475800Z,event,1500000,150000,5418,0,0,0,192058,312716,309360,396706,412746,442848,459431,461176,265916,354681,88764.6,487828,0
2026-09-04T11:40:24.838836000Z,2026-09-04T11:40:34.889475800Z,event-quote,500000,50000,5418,0,0,0,192058,252307,251976,286045,292348,303220,305951,306440,234645,271499,36854,326780,0
2026-09-04T11:40:24.838836000Z,2026-09-04T11:40:34.889475800Z,event-trade,500000,50000,5418,0,0,0,246189,311510,311028,347931,355639,377292,395000,395776,291522,332833,41311.4,394800,596
2026-09-04T11:40:24.838836000Z,2026-09-04T11:40:34.889475800Z,event-summary,500000,50000,5418,0,0,0,295379,374332,373238,419719,434890,455873,460676,461176,347517,401250,53732.8,481849,0
2026-09-04T11:40:24.838836000Z,2026-09-04T11:40:34.889475800Z,batch,10,1,5418,0,0,0,346432,406346,414120,440617,450896,459120,460971,461176,380955,424191,43236.1,489045,0
2026-09-04T11:40:34.889475800Z,2026-09-04T11:40:44.879943600Z,event,1500000,150000,5312,0,0,0,194938,328089,322226,427827,459023,543987,566782,568993,267795,374351,106556,534184,22444
2026-09-04T11:40:34.889475800Z,2026-09-04T11:40:44.879943600Z,event-quote,500000,50000,5312,0,0,0,194938,261383,251491,320007,365736,402276,409528,410198,232261,275429,43167.6,340180,40250
2026-09-04T11:40:34.889475800Z,2026-09-04T11:40:44.879943600Z,event-trade,500000,50000,5312,0,0,0,246098,328516,319646,393235,451456,484520,489965,491347,291490,347900,56410.2,432515,35372
2026-09-04T11:40:34.889475800Z,2026-09-04T11:40:44.879943600Z,event-summary,500000,50000,5312,0,0,0,298141,394367,388133,467994,530628,562557,568436,568993,350330,422799,72468.4,531502,24376
2026-09-04T11:40:34.889475800Z,2026-09-04T11:40:44.879943600Z,batch,10,1,5312,0,0,0,349776,426563,422180,475746,522369,559668,568060,568993,382517,455813,73296.8,565759,1
2026-09-04T11:40:44.879943600Z,2026-09-04T11:40:54.801034300Z,event,1500000,150000,5098,0,0,0,199086,383001,377348,528351,562439,620226,644869,651435,305366,445758,140392,656345,0
2026-09-04T11:40:44.879943600Z,2026-09-04T11:40:54.801034300Z,event-quote,500000,50000,5098,0,0,0,199086,302051,276664,427760,449980,478615,484415,485039,243175,352006,108831,515252,0
2026-09-04T11:40:44.879943600Z,2026-09-04T11:40:54.801034300Z,event-trade,500000,50000,5098,0,0,0,273789,382963,354874,504182,521479,548667,557121,558012,320714,448273,127559,639612,0
2026-09-04T11:40:44.879943600Z,2026-09-04T11:40:54.801034300Z,event-summary,500000,50000,5098,0,0,0,351218,463989,434200,578580,605852,639364,646578,651435,403292,532542,129251,726418,0
2026-09-04T11:40:44.879943600Z,2026-09-04T11:40:54.801034300Z,batch,10,1,5098,0,0,0,428773,504015,460530,599982,625709,646290,650921,651435,444072,562734,118662,740728,0
2026-09-04T11:40:54.801034300Z,2026-09-04T11:41:04.890751400Z,event,1500000,150000,4991,0,0,0,196167,328711,326440,421046,433744,454124,463761,465862,272895,385236,112341,553747,0
2026-09-04T11:40:54.801034300Z,2026-09-04T11:41:04.890751400Z,event-quote,500000,50000,4991,0,0,0,196167,254859,255214,287358,293471,302000,308928,309714,237402,273252,35850.3,327028,0
2026-09-04T11:40:54.801034300Z,2026-09-04T11:41:04.890751400Z,event-trade,500000,50000,4991,0,0,0,270542,326588,326440,357692,364905,384384,394001,394540,308742,344971,36229.9,399316,0
2026-09-04T11:40:54.801034300Z,2026-09-04T11:41:04.890751400Z,event-summary,500000,50000,4991,0,0,0,338692,404686,406873,439450,449775,460427,465368,465862,384524,425094,40569.9,485949,0
2026-09-04T11:40:54.801034300Z,2026-09-04T11:41:04.890751400Z,batch,10,1,4991,0,0,0,417121,442021,438577,460170,463016,465293,465805,465862,436196,454150,17953.7,481080,0
2026-09-04T11:41:04.890751400Z,2026-09-04T11:41:14.886727100Z,event,1500000,150000,5076,0,0,0,193524,329946,325079,424683,439544,488452,509905,512126,272547,385537,112990,555023,0
2026-09-04T11:41:04.890751400Z,2026-09-04T11:41:14.886727100Z,event-quote,500000,50000,5076,0,0,0,193524,255338,255189,288175,294093,308497,315941,316461,237145,273364,36218.6,327692,0
2026-09-04T11:41:04.890751400Z,2026-09-04T11:41:14.886727100Z,event-trade,500000,50000,5076,0,0,0,263835,327652,325079,361445,369073,430460,437924,438702,307233,345572,38338.5,403079,14396
2026-09-04T11:41:04.890751400Z,2026-09-04T11:41:14.886727100Z,event-summary,500000,50000,5076,0,0,0,329385,406849,405195,445827,473513,505423,511558,512126,381686,427955,46269.2,497359,9472
2026-09-04T11:41:04.890751400Z,2026-09-04T11:41:14.886727100Z,batch,10,1,5076,0,0,0,400679,444836,444561,457489,484807,506662,511579,512126,432649,450560,17911.2,477427,1
2026-09-04T11:41:14.886727100Z,2026-09-04T11:41:24.846544000Z,event,1500000,150000,5131,0,0,0,197192,340642,337901,438681,456868,509345,528852,530193,280071,400927,120856,582211,0
2026-09-04T11:41:14.886727100Z,2026-09-04T11:41:24.846544000Z,event-quote,500000,50000,5131,0,0,0,197192,264212,259129,309527,342670,368698,377263,378663,237781,285915,48134,358116,13000
2026-09-04T11:41:14.886727100Z,2026-09-04T11:41:24.846544000Z,event-trade,500000,50000,5131,0,0,0,264636,338753,333153,389842,419096,449524,457292,458008,312082,360593,48511.5,433360,14948
2026-09-04T11:41:14.886727100Z,2026-09-04T11:41:24.846544000Z,event-summary,500000,50000,5131,0,0,0,337338,418961,415854,467330,495718,524394,529862,530193,394285,441607,47322.8,512592,13336
2026-09-04T11:41:14.886727100Z,2026-09-04T11:41:24.846544000Z,batch,10,1,5131,0,0,0,415854,458062,458510,480741,505467,525247,529698,530193,442525,463466,20941,494877,1
2026-09-04T11:41:24.846544000Z,2026-09-04T11:41:34.805130600Z,event,1500000,150000,4985,0,0,0,197693,333014,330092,426761,440259,462390,482746,485227,275780,390273,114494,562014,0
2026-09-04T11:41:24.846544000Z,2026-09-04T11:41:34.805130600Z,event-quote,500000,50000,4985,0,0,0,197693,258224,258660,289249,295281,306537,309697,310526,240671,275773,35102.5,328427,0
2026-09-04T11:41:24.846544000Z,2026-09-04T11:41:34.805130600Z,event-trade,500000,50000,4985,0,0,0,277599,330680,330092,361450,373734,395394,403360,404045,311995,347698,35703.3,401253,1700
2026-09-04T11:41:24.846544000Z,2026-09-04T11:41:34.805130600Z,event-summary,500000,50000,4985,0,0,0,352602,410136,411584,447519,456250,477483,484563,485227,387848,430826,42978.7,495294,0
2026-09-04T11:41:24.846544000Z,2026-09-04T11:41:34.805130600Z,batch,10,1,4985,0,0,0,430187,449527,444515,469634,477430,483667,485071,485227,437189,456594,19404.9,485701,0
2026-09-04T11:41:34.805130600Z,2026-09-04T11:41:44.799925300Z,event,1500000,150000,4992,0,0,0,195311,339190,338150,429513,442181,476486,495563,497839,285257,396815,111557,564151,0
2026-09-04T11:41:34.805130600Z,2026-09-04T11:41:44.799925300Z,event-quote,500000,50000,4992,0,0,0,195311,266161,264904,302228,324123,349335,354681,355191,243485,287086,43600.2,352486,3000
2026-09-04T11:41:34.805130600Z,2026-09-04T11:41:44.799925300Z,event-trade,500000,50000,4992,0,0,0,273797,338176,336016,371857,394560,418959,425288,425991,316726,356425,39699.2,415974,7496
2026-09-04T11:41:34.805130600Z,2026-09-04T11:41:44.799925300Z,event-summary,500000,50000,4992,0,0,0,341965,413234,412855,447789,463200,490213,497332,497839,392230,433500,41269,495403,1744
2026-09-04T11:41:34.805130600Z,2026-09-04T11:41:44.799925300Z,batch,10,1,4992,0,0,0,413172,448417,446449,463444,480642,494399,497495,497839,439419,451047,11627.5,468488,1
2026-09-04T11:41:44.799925300Z,2026-09-04T11:41:54.826074600Z,event,1500000,150000,5037,0,0,0,192340,329559,328029,421237,434636,460395,479227,485137,274120,386414,112294,554854,0
2026-09-04T11:41:44.799925300Z,2026-09-04T11:41:54.826074600Z,event-quote,500000,50000,5037,0,0,0,192340,256290,255715,290155,301895,329600,335404,335968,234978,276220,41242.3,338084,0
2026-09-04T11:41:44.799925300Z,2026-09-04T11:41:54.826074600Z,event-trade,500000,50000,5037,0,0,0,259337,328291,327122,363477,374997,403098,408591,409464,306654,348571,41917.3,411447,0
2026-09-04T11:41:44.799925300Z,2026-09-04T11:41:54.826074600Z,event-summary,500000,50000,5037,0,0,0,325139,404097,405525,441540,453613,474719,480705,485137,382906,425528,42621.5,489460,0
2026-09-04T11:41:44.799925300Z,2026-09-04T11:41:54.826074600Z,batch,10,1,5037,0,0,0,397335,440405,437833,462869,474003,482910,484914,485137,431680,451138,19457.3,480324,1
2026-09-04T11:41:54.826074600Z,2026-09-04T11:42:04.827967100Z,event,1500000,150000,5011,0,0,0,204143,338143,335485,432066,447438,485932,505470,511766,280729,396680,115951,570606,0
2026-09-04T11:41:54.826074600Z,2026-09-04T11:42:04.827967100Z,event-quote,500000,50000,5011,0,0,0,204143,262474,262677,298293,310597,339295,346564,347377,240787,280950,40163,341195,4000
2026-09-04T11:41:54.826074600Z,2026-09-04T11:42:04.827967100Z,event-trade,500000,50000,5011,0,0,0,279624,335825,334386,371949,390424,422652,429914,430655,314050,353268,39217.2,412093,11084
2026-09-04T11:41:54.826074600Z,2026-09-04T11:42:04.827967100Z,event-summary,500000,50000,5011,0,0,0,354803,416129,415403,457743,475197,501309,507167,511766,392560,435692,43132.5,500391,5239
2026-09-04T11:41:54.826074600Z,2026-09-04T11:42:04.827967100Z,batch,10,1,5011,0,0,0,433941,454064,444035,482154,496960,508805,511470,511766,439464,458599,19134.7,487301,1
2026-09-04T11:42:04.827967100Z,2026-09-04T11:42:14.891653000Z,event,1500000,150000,5057,0,0,0,201160,337933,335958,430836,448663,470515,484696,487295,279479,397590,118111,574756,0
2026-09-04T11:42:04.827967100Z,2026-09-04T11:42:14.891653000Z,event-quote,500000,50000,5057,0,0,0,201160,261936,261299,298787,311024,321607,325264,325773,242253,280386,38133.5,337586,0
2026-09-04T11:42:04.827967100Z,2026-09-04T11:42:14.891653000Z,event-trade,500000,50000,5057,0,0,0,272933,336599,335958,374466,392197,404215,408830,409424,315908,354318,38410,411933,0
2026-09-04T11:42:04.827967100Z,2026-09-04T11:42:14.891653000Z,event-summary,500000,50000,5057,0,0,0,347852,415265,416029,457914,466175,478487,486630,487295,394363,434834,40470.7,495540,0
2026-09-04T11:42:04.827967100Z,2026-09-04T11:42:14.891653000Z,batch,10,1,5057,0,0,0,425283,452009,443111,478195,482745,486385,487204,487295,436290,474253,37963.6,531199,0
2026-09-04T11:42:14.891653000Z,2026-09-04T11:42:24.786574600Z,event,1500000,150000,5066,0,0,0,200834,328772,327086,419282,435109,452808,465186,467426,272180,387036,114856,559320,0
2026-09-04T11:42:14.891653000Z,2026-09-04T11:42:24.786574600Z,event-quote,500000,50000,5066,0,0,0,200834,254169,253634,289727,297750,311016,316997,317555,234789,272180,37391.1,328267,0
2026-09-04T11:42:14.891653000Z,2026-09-04T11:42:24.786574600Z,event-trade,500000,50000,5066,0,0,0,275637,327711,327086,362011,369608,383654,392212,393789,308680,345161,36481.1,399883,0
2026-09-04T11:42:14.891653000Z,2026-09-04T11:42:24.786574600Z,event-summary,500000,50000,5066,0,0,0,345756,404436,404746,442002,448953,460517,466808,467426,386400,423599,37199.6,479399,0
2026-09-04T11:42:14.891653000Z,2026-09-04T11:42:24.786574600Z,batch,10,1,5066,0,0,0,416947,441271,446216,460885,464155,466772,467360,467426,423998,451660,27661.5,493152,0
2026-09-04T11:42:24.786574600Z,2026-09-04T11:42:34.885130500Z,event,1500000,150000,4956,0,0,0,192956,325446,323388,415363,433465,460342,478128,479809,272356,377623,105267,535524,0
2026-09-04T11:42:24.786574600Z,2026-09-04T11:42:34.885130500Z,event-quote,500000,50000,4956,0,0,0,192956,254513,253343,290803,302613,326304,332204,332756,232786,274496,41710.8,337063,0
2026-09-04T11:42:24.786574600Z,2026-09-04T11:42:34.885130500Z,event-trade,500000,50000,4956,0,0,0,261789,324255,322252,361734,374020,405130,410766,412296,302910,343735,40825.4,404973,5012
2026-09-04T11:42:24.786574600Z,2026-09-04T11:42:34.885130500Z,event-summary,500000,50000,4956,0,0,0,328936,397568,397260,438457,451914,473808,479465,479809,372501,420472,47970.7,492428,0
2026-09-04T11:42:24.786574600Z,2026-09-04T11:42:34.885130500Z,batch,10,1,4956,0,0,0,400323,435046,440494,462650,471230,478093,479637,479809,414538,444242,29703.9,488797,0
2026-09-04T11:42:34.885130500Z,2026-09-04T11:42:44.800865300Z,event,1500000,150000,5009,0,0,0,208901,332503,328502,424984,441006,460088,470612,472302,276655,388972,112317,557448,0
2026-09-04T11:42:34.885130500Z,2026-09-04T11:42:44.800865300Z,event-quote,500000,50000,5009,0,0,0,208901,260058,260094,291096,297644,307258,310572,310939,242755,276860,34104.9,328017,0
2026-09-04T11:42:34.885130500Z,2026-09-04T11:42:44.800865300Z,event-trade,500000,50000,5009,0,0,0,274540,330079,328502,365476,377861,394090,398372,399326,311450,347407,35956.9,401342,0
2026-09-04T11:42:34.885130500Z,2026-09-04T11:42:44.800865300Z,event-summary,500000,50000,5009,0,0,0,338396,407371,408389,446856,455858,467155,471857,472302,386916,428787,41870.1,491592,0
2026-09-04T11:42:34.885130500Z,2026-09-04T11:42:44.800865300Z,batch,10,1,5009,0,0,0,411762,445539,449819,469776,471039,472049,472277,472302,432451,459809,27358.2,500847,0
2026-09-04T11:42:44.800865300Z,2026-09-04T11:42:54.787681100Z,event,1500000,150000,5091,0,0,0,197672,328640,324881,422472,438913,468611,478436,483988,271405,387292,115887,561122,0
2026-09-04T11:42:44.800865300Z,2026-09-04T11:42:54.787681100Z,event-quote,500000,50000,5091,0,0,0,197672,253834,253771,289331,299017,312196,318242,319462,233942,271885,37942.2,328798,0
2026-09-04T11:42:44.800865300Z,2026-09-04T11:42:54.787681100Z,event-trade,500000,50000,5091,0,0,0,269230,326598,324881,366116,380226,397526,401537,402331,304021,346724,42703.1,410778,0
2026-09-04T11:42:44.800865300Z,2026-09-04T11:42:54.787681100Z,event-summary,500000,50000,5091,0,0,0,336684,405488,405925,447420,460387,475304,479811,483988,383646,427970,44324.1,494456,0
2026-09-04T11:42:44.800865300Z,2026-09-04T11:42:54.787681100Z,batch,10,1,5091,0,0,0,408683,442100,441030,477362,480675,483325,483922,483988,421375,452717,31341.8,499729,0
2026-09-04T11:42:54.787681100Z,2026-09-04T11:43:04.869981100Z,event,1500000,150000,5058,0,0,0,200861,339398,335412,435756,456936,513720,532471,538081,278432,399339,120907,580699,0
2026-09-04T11:42:54.787681100Z,2026-09-04T11:43:04.869981100Z,event-quote,500000,50000,5058,0,0,0,200861,263076,259102,300480,337169,369087,376773,377482,239770,278741,38971.6,337199,25000
2026-09-04T11:42:54.787681100Z,2026-09-04T11:43:04.869981100Z,event-trade,500000,50000,5058,0,0,0,276790,336811,331279,384924,423941,453355,460585,461308,310686,351908,41222.1,413741,31508
2026-09-04T11:42:54.787681100Z,2026-09-04T11:43:04.869981100Z,event-summary,500000,50000,5058,0,0,0,348961,418306,413937,469400,498414,528819,533992,538081,391662,437459,45797.6,506156,20236
2026-09-04T11:42:54.787681100Z,2026-09-04T11:43:04.869981100Z,batch,10,1,5058,0,0,0,425440,456288,443880,482334,510207,532506,537523,538081,439726,466414,26688,506446,1
2026-09-04T11:43:04.869981100Z,2026-09-04T11:43:14.866513400Z,event,1500000,150000,5095,0,0,0,193706,333441,329428,431477,451715,485234,500534,502801,275007,392085,117078,567702,0
2026-09-04T11:43:04.869981100Z,2026-09-04T11:43:14.866513400Z,event-quote,500000,50000,5095,0,0,0,193706,257273,255759,299113,312250,335932,343568,344245,234853,276385,41531.8,338682,4000
2026-09-04T11:43:04.869981100Z,2026-09-04T11:43:14.866513400Z,event-trade,500000,50000,5095,0,0,0,267823,331439,327667,382083,398180,418526,424513,425110,305888,351286,45398.3,419384,4184
2026-09-04T11:43:04.869981100Z,2026-09-04T11:43:14.866513400Z,event-summary,500000,50000,5095,0,0,0,336963,411610,411639,462599,477928,497354,502224,502801,380511,437424,56913.4,522794,0
2026-09-04T11:43:04.869981100Z,2026-09-04T11:43:14.866513400Z,batch,10,1,5095,0,0,0,406290,450840,444450,493166,497983,501837,502704,502801,430794,471707,40913.1,533077,0
2026-09-04T11:43:14.866513400Z,2026-09-04T11:43:24.879782500Z,event,1500000,150000,5131,0,0,0,182132,327382,323193,424180,441462,465687,479490,481533,268484,386923,118439,564581,0
2026-09-04T11:43:14.866513400Z,2026-09-04T11:43:24.879782500Z,event-quote,500000,50000,5131,0,0,0,182132,249733,250141,285205,293594,301341,304849,306097,230873,269167,38293.2,326606,0
2026-09-04T11:43:14.866513400Z,2026-09-04T11:43:24.879782500Z,event-trade,500000,50000,5131,0,0,0,261840,325265,323193,366263,378855,396374,403775,404446,304206,344294,40087.2,404424,44
2026-09-04T11:43:14.866513400Z,2026-09-04T11:43:24.879782500Z,event-summary,500000,50000,5131,0,0,0,341139,407147,408348,451202,459481,476208,480890,481533,383707,428255,44548.4,495078,0
2026-09-04T11:43:14.866513400Z,2026-09-04T11:43:24.879782500Z,batch,10,1,5131,0,0,0,424592,447046,437679,472600,477066,480640,481444,481533,432480,463180,30699.5,509229,0
2026-09-04T11:43:24.879782500Z,2026-09-04T11:43:34.867988600Z,event,1500000,150000,5010,0,0,0,193487,326146,323657,418116,432041,483112,505184,507466,270250,381140,110890,547475,0
2026-09-04T11:43:24.879782500Z,2026-09-04T11:43:34.867988600Z,event-quote,500000,50000,5010,0,0,0,193487,251942,251426,284735,299486,329697,335642,335921,230199,270834,40635.6,331788,3750
2026-09-04T11:43:24.879782500Z,2026-09-04T11:43:34.867988600Z,event-trade,500000,50000,5010,0,0,0,264028,324566,322201,356338,382881,418982,427207,428174,303127,341659,38532.1,399457,16328
2026-09-04T11:43:24.879782500Z,2026-09-04T11:43:34.867988600Z,event-summary,500000,50000,5010,0,0,0,337331,401930,400480,442856,466785,500754,506894,507466,375326,421534,46207.2,490844,10300
2026-09-04T11:43:24.879782500Z,2026-09-04T11:43:34.867988600Z,batch,10,1,5010,0,0,0,414744,441197,435212,458519,482993,502572,506977,507466,428415,443143,14727.9,465235,1
2026-09-04T11:43:34.867988600Z,2026-09-04T11:43:44.864653600Z,event,1500000,150000,5102,0,0,0,182480,329548,327147,424322,447628,520625,541767,543233,269356,385607,116252,559985,0
2026-09-04T11:43:34.867988600Z,2026-09-04T11:43:44.864653600Z,event-quote,500000,50000,5102,0,0,0,182480,256042,249760,311116,348395,375143,383633,384315,228154,274012,45857.7,342798,29000
2026-09-04T11:43:34.867988600Z,2026-09-04T11:43:44.864653600Z,event-trade,500000,50000,5102,0,0,0,253180,328395,321257,391364,428198,459669,467050,468645,299006,345957,46950.4,416382,32612
2026-09-04T11:43:34.867988600Z,2026-09-04T11:43:44.864653600Z,event-summary,500000,50000,5102,0,0,0,322610,404205,398783,462577,506571,537282,542798,543233,372152,423673,51520.6,500954,28792
2026-09-04T11:43:34.867988600Z,2026-09-04T11:43:44.864653600Z,batch,10,1,5102,0,0,0,403052,442100,433214,470024,506629,535912,542501,543233,415943,450012,34068.9,501115,1
2026-09-04T11:43:44.864653600Z,2026-09-04T11:43:54.801029200Z,event,1500000,150000,5132,0,0,0,202433,363842,356210,467156,500592,596139,618873,620689,296906,423158,126252,612536,5056
2026-09-04T11:43:44.864653600Z,2026-09-04T11:43:54.801029200Z,event-quote,500000,50000,5132,0,0,0,202433,284085,276886,336183,370805,442708,450341,451004,254173,298498,44325.2,364986,28000
2026-09-04T11:43:44.864653600Z,2026-09-04T11:43:54.801029200Z,event-trade,500000,50000,5132,0,0,0,293259,363178,350738,430619,498799,534415,541208,541878,327536,375988,48452.1,448666,50000
2026-09-04T11:43:44.864653600Z,2026-09-04T11:43:54.801029200Z,event-summary,500000,50000,5132,0,0,0,362871,444264,432844,505528,580217,612649,620183,620689,408721,462785,54064.4,543882,48664
2026-09-04T11:43:44.864653600Z,2026-09-04T11:43:54.801029200Z,batch,10,1,5132,0,0,0,433994,482813,473737,513395,567042,609959,619616,620689,448859,496130,47271.4,567037,1
2026-09-04T11:43:54.801029200Z,2026-09-04T11:44:04.845735400Z,event,1500000,150000,5030,0,0,0,185573,330554,325439,430499,450094,481742,495494,500940,271297,389153,117856,565936,0
2026-09-04T11:43:54.801029200Z,2026-09-04T11:44:04.845735400Z,event-quote,500000,50000,5030,0,0,0,185573,253159,253414,293287,304764,317623,324662,325257,231064,272957,41892.7,335796,0
2026-09-04T11:43:54.801029200Z,2026-09-04T11:44:04.845735400Z,event-trade,500000,50000,5030,0,0,0,257479,328958,325439,379538,393626,417228,425302,426039,304221,348881,44660.2,415872,5564
2026-09-04T11:43:54.801029200Z,2026-09-04T11:44:04.845735400Z,event-summary,500000,50000,5030,0,0,0,328256,409546,408961,461797,475263,491551,496828,500940,379471,435591,56119.4,519770,0
2026-09-04T11:43:54.801029200Z,2026-09-04T11:44:04.845735400Z,batch,10,1,5030,0,0,0,401362,450353,443596,491005,495973,499947,500841,500940,434937,468356,33418.8,518484,0
2026-09-04T11:44:04.845735400Z,2026-09-04T11:44:14.855136000Z,event,1500000,150000,4998,0,0,0,191556,314776,311982,405871,423856,448031,465973,471267,261241,363897,102655,517879,0
2026-09-04T11:44:04.845735400Z,2026-09-04T11:44:14.855136000Z,event-quote,500000,50000,4998,0,0,0,191556,243780,243902,276823,285502,293476,297532,298277,225021,261239,36218.7,315567,0
2026-09-04T11:44:04.845735400Z,2026-09-04T11:44:14.855136000Z,event-trade,500000,50000,4998,0,0,0,261434,312404,311982,345852,354326,362518,370163,371110,294438,329447,35009.3,381961,0
2026-09-04T11:44:04.845735400Z,2026-09-04T11:44:14.855136000Z,event-summary,500000,50000,4998,0,0,0,326863,388143,386218,432801,443850,461628,467530,471267,363207,411885,48678.2,484902,0
2026-09-04T11:44:04.845735400Z,2026-09-04T11:44:14.855136000Z,batch,10,1,4998,0,0,0,400035,428367,425032,450987,461127,469239,471064,471267,409402,445629,36227.2,499970,0
2026-09-04T11:44:14.855136000Z,2026-09-04T11:44:24.883650300Z,event,1500000,150000,5037,0,0,0,195784,329853,326121,428832,443823,463239,475595,477888,271358,389169,117811,565886,0
2026-09-04T11:44:14.855136000Z,2026-09-04T11:44:24.883650300Z,event-quote,500000,50000,5037,0,0,0,195784,252191,252184,286397,292693,301249,304602,305326,232272,271485,39212.6,330304,0
2026-09-04T11:44:14.855136000Z,2026-09-04T11:44:24.883650300Z,event-trade,500000,50000,5037,0,0,0,270123,326700,326121,359388,366442,380404,394242,395150,308306,345357,37050.9,400933,0
2026-09-04T11:44:14.855136000Z,2026-09-04T11:44:24.883650300Z,event-summary,500000,50000,5037,0,0,0,341718,410668,411603,450204,458933,470045,477224,477888,388514,433363,44849,500637,0
2026-09-04T11:44:14.855136000Z,2026-09-04T11:44:24.883650300Z,batch,10,1,5037,0,0,0,425326,453628,452672,469081,473485,477008,477800,477888,444877,467105,22228.8,500449,0
2026-09-04T11:44:24.883650300Z,2026-09-04T11:44:34.789749000Z,event,1500000,150000,5244,0,0,0,197652,351219,346712,455814,478723,524023,543257,549570,291416,409308,117892,586145,0
2026-09-04T11:44:24.883650300Z,2026-09-04T11:44:34.789749000Z,event-quote,500000,50000,5244,0,0,0,197652,273542,270130,328586,346815,374631,384878,386313,245631,294034,48402.4,366637,10250
2026-09-04T11:44:24.883650300Z,2026-09-04T11:44:34.789749000Z,event-trade,500000,50000,5244,0,0,0,269370,348728,342096,407886,427918,458890,465850,466806,319772,368494,48722.6,441578,15500
2026-09-04T11:44:24.883650300Z,2026-09-04T11:44:34.789749000Z,event-summary,500000,50000,5244,0,0,0,346768,431387,426994,488435,510816,538603,545003,549570,399896,461586,61689.6,554120,0
2026-09-04T11:44:24.883650300Z,2026-09-04T11:44:34.789749000Z,batch,10,1,5244,0,0,0,414514,469814,470258,509349,529459,545548,549168,549570,436789,487717,50927.7,564109,0
2026-09-04T11:44:34.789749000Z,2026-09-04T11:44:44.891937100Z,event,1500000,150000,5430,0,0,0,169934,288822,287518,362938,382845,407464,417780,419400,244945,330973,86028.7,460016,0
2026-09-04T11:44:34.789749000Z,2026-09-04T11:44:44.891937100Z,event-quote,500000,50000,5430,0,0,0,169934,231526,231378,268085,276645,288543,293186,293705,211833,250429,38596.3,308323,0
2026-09-04T11:44:34.789749000Z,2026-09-04T11:44:44.891937100Z,event-trade,500000,50000,5430,0,0,0,224943,288051,287247,326080,336956,353646,358821,359432,267072,308269,41197.1,370064,0
2026-09-04T11:44:34.789749000Z,2026-09-04T11:44:44.891937100Z,event-summary,500000,50000,5430,0,0,0,281338,346888,345003,391779,401801,413798,418952,419400,324092,367137,43044.6,431704,0
2026-09-04T11:44:34.789749000Z,2026-09-04T11:44:44.891937100Z,batch,10,1,5430,0,0,0,340358,377566,374836,413667,416534,418827,419343,419400,352596,396487,43890.8,462323,0
2026-09-04T11:44:44.891937100Z,2026-09-04T11:44:54.786755600Z,event,1500000,150000,5059,0,0,0,180901,342997,338365,446794,480862,570004,587416,593867,274860,402616,127755,594249,0
2026-09-04T11:44:44.891937100Z,2026-09-04T11:44:54.786755600Z,event-quote,500000,50000,5059,0,0,0,180901,265394,254737,318770,400459,425790,432272,432846,233572,279449,45876.9,348265,50000
2026-09-04T11:44:44.891937100Z,2026-09-04T11:44:54.786755600Z,event-trade,500000,50000,5059,0,0,0,258876,341679,330602,411671,473132,510895,518415,519094,308114,357461,49347.3,431482,50000
2026-09-04T11:44:44.891937100Z,2026-09-04T11:44:54.786755600Z,event-summary,500000,50000,5059,0,0,0,328625,421918,412638,489857,555390,584528,588860,593867,386406,442250,55843.4,526015,44524
2026-09-04T11:44:44.891937100Z,2026-09-04T11:44:54.786755600Z,batch,10,1,5059,0,0,0,405596,462000,452273,497321,545594,584213,592902,593867,428802,471880,43077.4,536496,1
2026-09-04T11:44:54.786755600Z,2026-09-04T11:45:04.868552000Z,event,1500000,150000,5131,0,0,0,191070,335615,330965,437771,456954,495288,516514,518807,274582,398152,123570,583507,0
2026-09-04T11:44:54.786755600Z,2026-09-04T11:45:04.868552000Z,event-quote,500000,50000,5131,0,0,0,191070,256370,254862,302838,320809,344086,350784,351541,230964,275209,44244.8,341576,7000
2026-09-04T11:44:54.786755600Z,2026-09-04T11:45:04.868552000Z,event-trade,500000,50000,5131,0,0,0,268228,332000,328363,382415,398535,431990,438590,439309,305448,351467,46018.9,420495,11912
2026-09-04T11:44:54.786755600Z,2026-09-04T11:45:04.868552000Z,event-summary,500000,50000,5131,0,0,0,338122,418475,417180,467741,483512,511867,518279,518807,392266,443379,51112.6,520048,0
2026-09-04T11:44:54.786755600Z,2026-09-04T11:45:04.868552000Z,batch,10,1,5131,0,0,0,426033,461115,456536,489646,504226,515891,518515,518807,441209,474311,33102.4,523965,0
2026-09-04T11:45:04.868552000Z,2026-09-04T11:45:14.842350700Z,event,1500000,150000,5044,0,0,0,190971,323413,320009,422240,433574,447566,454600,456491,264476,383713,119237,562568,0
2026-09-04T11:45:04.868552000Z,2026-09-04T11:45:14.842350700Z,event-quote,500000,50000,5044,0,0,0,190971,245807,246747,277299,282578,290475,297084,297777,227253,264442,37189.1,320225,0
2026-09-04T11:45:04.868552000Z,2026-09-04T11:45:14.842350700Z,event-trade,500000,50000,5044,0,0,0,267928,320127,320009,352198,357530,364490,368608,369382,301616,339007,37391.2,395094,0
2026-09-04T11:45:04.868552000Z,2026-09-04T11:45:14.842350700Z,event-summary,500000,50000,5044,0,0,0,348429,404306,405626,439219,445186,451330,456089,456491,383713,425813,42100.7,488964,0
2026-09-04T11:45:04.868552000Z,2026-09-04T11:45:14.842350700Z,batch,10,1,5044,0,0,0,431439,445765,447493,454395,455443,456282,456470,456491,441708,451980,10272.3,467388,0
2026-09-04T11:45:14.842350700Z,2026-09-04T11:45:24.844863100Z,event,1500000,150000,5037,0,0,0,188891,311317,309373,398745,416465,432198,443438,447746,258938,361523,102586,515402,0
2026-09-04T11:45:14.842350700Z,2026-09-04T11:45:24.844863100Z,event-quote,500000,50000,5037,0,0,0,188891,241792,242184,273072,278850,296166,302232,302922,224160,259599,35439.2,312758,0
2026-09-04T11:45:14.842350700Z,2026-09-04T11:45:24.844863100Z,event-trade,500000,50000,5037,0,0,0,256684,309381,309373,340415,347390,361949,367537,368149,291280,326727,35447.5,379899,0
2026-09-04T11:45:14.842350700Z,2026-09-04T11:45:24.844863100Z,event-summary,500000,50000,5037,0,0,0,321259,382778,382528,422377,427962,439577,447460,447746,360629,404325,43696.1,469869,0
2026-09-04T11:45:14.842350700Z,2026-09-04T11:45:24.844863100Z,batch,10,1,5037,0,0,0,393441,423633,428795,444513,446129,447423,447714,447746,407298,433575,26276.3,472989,0
2026-09-04T11:35:24.786573200Z,2026-09-04T11:45:24.924388500Z,event-total,90000000,150000,308966,0,0,0,169934,349347,344079,452439,477360,519444,586796,651435,289328,407649,118321,585131,97161
2026-09-04T11:35:24.786573200Z,2026-09-04T11:45:24.924388500Z,event-quote-total,30000000,50000,308966,0,0,0,169934,274136,270984,325224,341713,381834,447033,485039,246177,298008,51831.1,375755,348500
2026-09-04T11:35:24.786573200Z,2026-09-04T11:45:24.924388500Z,event-trade-total,30000000,50000,308966,0,0,0,224943,347918,342916,408257,425772,466781,531908,558012,316369,374136,57766.9,460786,363588
2026-09-04T11:35:24.786573200Z,2026-09-04T11:45:24.924388500Z,event-summary-total,30000000,50000,308966,0,0,0,281338,425988,424534,487249,505477,549167,615858,651435,393349,457666,64316.8,554141,257104
2026-09-04T11:35:24.786573200Z,2026-09-04T11:45:24.924388500Z,batch-total,600,1,308966,0,0,0,340358,464230,460906,518916,533601,574224,639989,651435,435683,492817,57134,578518,6
