window_start_utc,window_end_utc,sample_kind,samples,expected_per_batch,publish_period_ms,nominal_events_per_second,endpoint_role,published,delivered,not_delivered,delivery_ratio,excess_events,full_publications,partial_publications,empty_publications,uncorrelated_events,callbacks,clock_anomalies,missing_batches,pending_batches,min_us,mean_us,p50_us,p90_us,p95_us,p99_us,p999_us,max_us,q1_us,q3_us,iqr_us,outlier_threshold_us,outliers
2026-09-05T09:25:36.978980500Z,2026-09-05T09:25:47.075655800Z,event,1500006,150,1,150000,feed,1507650,1499550,0,0.994627,0,9997,0,0,0,20025,0,0,55,325,535.292,458.7,728.6,917.1,1454.3,6311.3,9955.2,412.7,533.8,121.1,715.45,157806
2026-09-05T09:25:36.978980500Z,2026-09-05T09:25:47.075655800Z,event-quote,380006,38,1,150000,feed,381938,379886,0,0.994627,0,9997,0,0,0,20025,0,0,55,325,535.238,458.7,728.6,917.1,1454.3,6311.3,9955.2,412.7,533.8,121.1,715.45,39982
2026-09-05T09:25:36.978980500Z,2026-09-05T09:25:47.075655800Z,event-trade,380000,38,1,150000,feed,381938,379886,0,0.994627,0,9997,0,0,0,20025,0,0,55,325,535.257,458.65,728.51,916.815,1452.91,6311.51,9955.2,412.7,533.725,121.025,715.263,39976
2026-09-05T09:25:36.978980500Z,2026-09-05T09:25:47.075655800Z,event-trade-eth,370000,37,1,150000,feed,371887,369889,0,0.994627,0,9997,0,0,0,20025,0,0,55,325,535.319,458.65,728.51,916.815,1452.91,6311.51,9955.2,412.7,533.725,121.025,715.263,38924
2026-09-05T09:25:36.978980500Z,2026-09-05T09:25:47.075655800Z,event-summary,370000,37,1,150000,feed,371887,369889,0,0.994627,0,9997,0,0,0,20025,0,0,55,325,535.357,458.65,728.51,916.815,1452.91,6311.51,9955.2,412.7,533.725,121.025,715.263,38924
2026-09-05T09:25:36.978980500Z,2026-09-05T09:25:47.075655800Z,batch,9997,1,1,150000,feed,1507650,1499550,0,0.994627,0,9997,0,0,0,20025,0,0,55,325,534.519,458.8,728.54,916.54,1447.11,6080.53,9955.2,412.8,534.3,121.5,716.55,1049
2026-09-05T09:25:47.075655800Z,2026-09-05T09:25:56.992789200Z,event,1466100,150,1,150000,feed,1487850,1465800,0,0.98518,0,9772,0,0,0,19563,0,0,202,328,520.607,452.65,647.3,828.5,1295.3,7238.2,11919.2,410.5,524.2,113.7,694.75,115950
2026-09-05T09:25:47.075655800Z,2026-09-05T09:25:56.992789200Z,event-quote,371412,38,1,150000,feed,376922,371336,0,0.98518,0,9772,0,0,0,19563,0,0,202,328,520.539,452.65,647.3,828.5,1295.3,7238.2,11919.2,410.5,524.2,113.7,694.75,29374
2026-09-05T09:25:47.075655800Z,2026-09-05T09:25:56.992789200Z,event-trade,371412,38,1,150000,feed,376922,371336,0,0.98518,0,9772,0,0,0,19563,0,0,202,328,520.638,452.65,647.3,828.5,1295.3,7238.2,11919.2,410.5,524.2,113.7,694.75,29374
2026-09-05T09:25:47.075655800Z,2026-09-05T09:25:56.992789200Z,event-trade-eth,361638,37,1,150000,feed,367003,361564,0,0.98518,0,9772,0,0,0,19563,0,0,202,328,520.638,452.65,647.3,828.5,1295.3,7238.2,11919.2,410.5,524.2,113.7,694.75,28601
2026-09-05T09:25:47.075655800Z,2026-09-05T09:25:56.992789200Z,event-summary,361638,37,1,150000,feed,367003,361564,0,0.98518,0,9772,0,0,0,19563,0,0,202,328,520.614,452.65,647.3,828.5,1295.3,7238.2,11919.2,410.5,524.2,113.7,694.75,28601
2026-09-05T09:25:47.075655800Z,2026-09-05T09:25:56.992789200Z,batch,9772,1,1,150000,feed,1487850,1465800,0,0.98518,0,9772,0,0,0,19563,0,0,202,328,520.107,452.75,647.4,826.86,1287.27,7055.24,11919.2,410.575,524.5,113.925,695.388,769
2026-09-05T09:25:56.992789200Z,2026-09-05T09:26:07.036464400Z,event,1486800,150,1,150000,feed,1504500,1485900,0,0.987637,0,9906,0,0,0,19854,0,0,330,321.3,475.736,401.65,573,820.4,1273.2,6296,10153.6,372.2,445.025,72.825,554.263,156000
2026-09-05T09:25:56.992789200Z,2026-09-05T09:26:07.036464400Z,event-quote,376656,38,1,150000,feed,381140,376428,0,0.987637,0,9906,0,0,0,19854,0,0,330,321.3,475.472,401.65,573,820.4,1273.2,6296,10153.6,372.2,445.025,72.825,554.263,39520
2026-09-05T09:25:56.992789200Z,2026-09-05T09:26:07.036464400Z,event-trade,376656,38,1,150000,feed,381140,376428,0,0.987637,0,9906,0,0,0,19854,0,0,330,321.3,475.685,401.65,573,820.4,1273.2,6296,10153.6,372.2,445.025,72.825,554.263,39520
2026-09-05T09:25:56.992789200Z,2026-09-05T09:26:07.036464400Z,event-trade-eth,366744,37,1,150000,feed,371110,366522,0,0.987637,0,9906,0,0,0,19854,0,0,330,321.3,475.817,401.65,573,820.4,1273.2,6296,10153.6,372.2,445.025,72.825,554.263,38480
2026-09-05T09:25:56.992789200Z,2026-09-05T09:26:07.036464400Z,event-summary,366744,37,1,150000,feed,371110,366522,0,0.987637,0,9906,0,0,0,19854,0,0,330,321.3,475.98,401.65,573,820.4,1273.2,6296,10153.6,372.2,445.025,72.825,554.263,38480
2026-09-05T09:25:56.992789200Z,2026-09-05T09:26:07.036464400Z,batch,9906,1,1,150000,feed,1504500,1485900,0,0.987637,0,9906,0,0,0,19854,0,0,330,321.3,474.691,401.8,573.05,817.4,1234.71,6216.36,10153.6,372.225,445.3,73.075,554.913,1037
2026-09-05T09:26:07.036464400Z,2026-09-05T09:26:16.978980600Z,event,1470688,150,1,150000,feed,1489650,1471056,7494,0.987518,0,9804,7,46,144,19641,0,0,405,311,475.858,400.5,597.4,818.8,1215.5,6173.7,10791.2,371,448.8,77.8,565.5,158338
2026-09-05T09:26:07.036464400Z,2026-09-05T09:26:16.978980600Z,event-quote,372590,38,1,150000,feed,377378,372672,1894,0.98753,0,9804,7,46,144,19641,0,0,405,311,475.903,400.5,597.4,818.8,1215.5,6173.7,10791.2,371,448.8,77.8,565.5,40128
2026-09-05T09:26:07.036464400Z,2026-09-05T09:26:16.978980600Z,event-trade,372590,38,1,150000,feed,377378,372666,1900,0.987514,0,9804,7,46,144,19641,0,0,405,311,475.903,400.5,597.4,818.8,1215.5,6173.7,10791.2,371,448.8,77.8,565.5,40128
2026-09-05T09:26:07.036464400Z,2026-09-05T09:26:16.978980600Z,event-trade-eth,362760,37,1,150000,feed,367447,362859,1850,0.987514,0,9804,7,46,144,19641,0,0,405,311,475.829,400.5,596.3,818.8,1215.5,6173.7,10791.2,371,448.8,77.8,565.5,39047
2026-09-05T09:26:07.036464400Z,2026-09-05T09:26:16.978980600Z,event-summary,362748,37,1,150000,feed,367447,362859,1850,0.987514,0,9804,7,46,144,19641,0,0,405,311,475.794,400.5,596.3,818.6,1214,6173.7,10791.2,371,448.8,77.8,565.5,39035
2026-09-05T09:26:07.036464400Z,2026-09-05T09:26:16.978980600Z,batch,9811,1,1,150000,feed,1489650,1471056,7494,0.987518,0,9804,7,46,144,19641,0,0,405,311,478.716,400.6,604.1,822.3,1243.07,6202.09,10791.2,371.1,449.2,78.1,566.35,1063
2026-09-05T09:26:16.978980600Z,2026-09-05T09:26:27.058942700Z,event,1493400,150,1,150000,feed,1510500,1493400,21900,0.988679,0,9954,4,144,0,19941,0,0,377,308.7,470.574,402.3,558.9,811.5,1173.2,6014.5,8731.2,370.3,448.225,77.925,565.112,145800
2026-09-05T09:26:16.978980600Z,2026-09-05T09:26:27.058942700Z,event-quote,378328,38,1,150000,feed,382660,378328,5548,0.988679,0,9954,4,144,0,19941,0,0,377,308.7,470.487,402.3,558.9,811.5,1173.2,6014.5,8731.2,370.3,448.225,77.925,565.112,36936
2026-09-05T09:26:16.978980600Z,2026-09-05T09:26:27.058942700Z,event-trade,378328,38,1,150000,feed,382660,378328,5548,0.988679,0,9954,4,144,0,19941,0,0,377,308.7,470.604,402.3,558.9,811.5,1173.2,6014.5,8731.2,370.3,448.225,77.925,565.112,36936
2026-09-05T09:26:16.978980600Z,2026-09-05T09:26:27.058942700Z,event-trade-eth,368372,37,1,150000,feed,372590,368372,5402,0.988679,0,9954,4,144,0,19941,0,0,377,308.7,470.604,402.3,558.9,811.5,1173.2,6014.5,8731.2,370.3,448.225,77.925,565.112,35964
2026-09-05T09:26:16.978980600Z,2026-09-05T09:26:27.058942700Z,event-summary,368372,37,1,150000,feed,372590,368372,5402,0.988679,0,9954,4,144,0,19941,0,0,377,308.7,470.604,402.3,558.9,811.5,1173.2,6014.5,8731.2,370.3,448.225,77.925,565.112,35964
2026-09-05T09:26:16.978980600Z,2026-09-05T09:26:27.058942700Z,batch,9958,1,1,150000,feed,1510500,1493400,21900,0.988679,0,9954,4,144,0,19941,0,0,377,308.7,471.262,402.5,559.48,812.315,1178.85,5991.53,8731.2,370.3,448.75,78.45,566.425,972
2026-09-05T09:26:27.058942700Z,2026-09-05T09:26:37.051406300Z,event,1478833,150,1,150000,feed,1497000,1479450,17700,0.988277,0,9857,12,112,600,19751,0,0,377,322.8,477.17,400.6,579.5,836.3,1230.2,6248.4,7059.6,370.5,443.4,72.9,552.75,159716
2026-09-05T09:26:27.058942700Z,2026-09-05T09:26:37.051406300Z,event-quote,374642,38,1,150000,feed,379240,374794,4484,0.988277,0,9857,12,112,600,19751,0,0,377,322.8,477.154,400.6,579.5,836.5,1230.2,6248.4,7059.6,370.5,443.4,72.9,552.75,40470
2026-09-05T09:26:27.058942700Z,2026-09-05T09:26:37.051406300Z,event-trade,374642,38,1,150000,feed,379240,374794,4484,0.988277,0,9857,12,112,600,19751,0,0,377,322.8,477.194,400.6,579.5,836.5,1230.2,6248.4,7059.6,370.5,443.4,72.9,552.75,40470
2026-09-05T09:26:27.058942700Z,2026-09-05T09:26:37.051406300Z,event-trade-eth,364783,37,1,150000,feed,369260,364931,4366,0.988277,0,9857,12,112,600,19751,0,0,377,322.8,477.194,400.6,579.5,836.5,1230.2,6248.4,7059.6,370.5,443.4,72.9,552.75,39405
2026-09-05T09:26:27.058942700Z,2026-09-05T09:26:37.051406300Z,event-summary,364766,37,1,150000,feed,369260,364931,4366,0.988277,0,9857,12,112,600,19751,0,0,377,322.8,477.137,400.6,579.5,836.3,1226.8,6248.4,7059.6,370.5,443.4,72.9,552.75,39371
2026-09-05T09:26:27.058942700Z,2026-09-05T09:26:37.051406300Z,batch,9869,1,1,150000,feed,1497000,1479450,17700,0.988277,0,9857,12,112,600,19751,0,0,377,322.8,479.939,400.8,583.64,838.18,1487.55,6243.54,7059.6,370.7,444.1,73.4,554.2,1076
2026-09-05T09:26:37.051406300Z,2026-09-05T09:26:46.980288300Z,event,1469250,150,1,150000,feed,1487100,1469188,19112,0.987955,0,9794,1,127,212,19614,0,0,368,322.8,486.396,420.8,573,817.5,1183.2,6900.9,8286.8,389.3,474.1,84.8,601.3,125700
2026-09-05T09:26:37.051406300Z,2026-09-05T09:26:46.980288300Z,event-quote,372210,38,1,150000,feed,376732,372210,4826,0.987997,0,9794,1,127,212,19614,0,0,368,322.8,486.347,420.8,573,817.5,1183.2,6900.9,8286.8,389.3,474.1,84.8,601.3,31844
2026-09-05T09:26:37.051406300Z,2026-09-05T09:26:46.980288300Z,event-trade,372210,38,1,150000,feed,376732,372210,4826,0.987997,0,9794,1,127,212,19614,0,0,368,322.8,486.347,420.8,573,817.5,1183.2,6900.9,8286.8,389.3,474.1,84.8,601.3,31844
2026-09-05T09:26:37.051406300Z,2026-09-05T09:26:46.980288300Z,event-trade-eth,362415,37,1,150000,feed,366818,362390,4724,0.987929,0,9794,1,127,212,19614,0,0,368,322.8,486.446,420.8,573,817.5,1183.2,6900.9,8286.8,389.3,474.1,84.8,601.3,31006
2026-09-05T09:26:37.051406300Z,2026-09-05T09:26:46.980288300Z,event-summary,362415,37,1,150000,feed,366818,362378,4736,0.987896,0,9794,1,127,212,19614,0,0,368,322.8,486.449,420.8,573,817.5,1183.2,6900.9,8286.8,389.3,474.1,84.8,601.3,31006
2026-09-05T09:26:37.051406300Z,2026-09-05T09:26:46.980288300Z,batch,9795,1,1,150000,feed,1487100,1469188,19112,0.987955,0,9794,1,127,212,19614,0,0,368,322.8,486.614,421,574.26,818.27,1183.33,6755.52,8286.8,389.3,474.5,85.2,602.3,841
2026-09-05T09:26:46.980288300Z,2026-09-05T09:26:57.055149000Z,event,1491000,150,1,150000,feed,1509450,1490850,16950,0.987678,0,9937,4,111,600,19906,0,0,375,323.9,478.534,405.95,573.12,837.01,1199.8,6392.2,6885.1,377.3,449.425,72.125,557.612,156150
2026-09-05T09:26:46.980288300Z,2026-09-05T09:26:57.055149000Z,event-quote,377720,38,1,150000,feed,382394,377682,4294,0.987678,0,9937,4,111,600,19906,0,0,375,323.9,478.417,405.95,573.12,837.01,1199.8,6392.2,6885.1,377.3,449.425,72.125,557.612,39558
2026-09-05T09:26:46.980288300Z,2026-09-05T09:26:57.055149000Z,event-trade,377720,38,1,150000,feed,382394,377682,4294,0.987678,0,9937,4,111,600,19906,0,0,375,323.9,478.512,405.95,573.12,837.01,1199.8,6392.2,6885.1,377.3,449.425,72.125,557.612,39558
2026-09-05T09:26:46.980288300Z,2026-09-05T09:26:57.055149000Z,event-trade-eth,367780,37,1,150000,feed,372331,367743,4181,0.987678,0,9937,4,111,600,19906,0,0,375,323.9,478.605,405.95,573.12,837.01,1199.8,6392.2,6885.1,377.3,449.425,72.125,557.612,38517
2026-09-05T09:26:46.980288300Z,2026-09-05T09:26:57.055149000Z,event-summary,367780,37,1,150000,feed,372331,367743,4181,0.987678,0,9937,4,111,600,19906,0,0,375,323.9,478.605,405.95,573.12,837.01,1199.8,6249.7,6885.1,377.3,449.425,72.125,557.612,38517
2026-09-05T09:26:46.980288300Z,2026-09-05T09:26:57.055149000Z,batch,9941,1,1,150000,feed,1509450,1490850,16950,0.987678,0,9937,4,111,600,19906,0,0,375,323.9,479.259,406,573.4,839.1,1211.56,6219.24,6846.4,377.4,449.8,72.4,558.4,1040
2026-09-05T09:26:57.055149000Z,2026-09-05T09:27:07.043767700Z,event,1477950,150,1,150000,feed,1496100,1477783,18167,0.987757,0,9850,3,120,617,19731,0,0,372,318.7,483.806,409.8,583.8,838.9,1306.4,6277,7146.9,379,461.5,82.5,585.25,146550
2026-09-05T09:26:57.055149000Z,2026-09-05T09:27:07.043767700Z,event-quote,374414,38,1,150000,feed,379012,374376,4598,0.987768,0,9850,3,120,617,19731,0,0,372,318.7,483.769,409.8,583.8,838.9,1301.4,6277,7146.9,379,461.5,82.5,585.25,37126
2026-09-05T09:26:57.055149000Z,2026-09-05T09:27:07.043767700Z,event-trade,374414,38,1,150000,feed,379012,374376,4598,0.987768,0,9850,3,120,617,19731,0,0,372,318.7,483.775,409.8,583.8,838.9,1301.4,6277,7146.9,379,461.5,82.5,585.25,37126
2026-09-05T09:26:57.055149000Z,2026-09-05T09:27:07.043767700Z,event-trade-eth,364561,37,1,150000,feed,369038,364524,4477,0.987768,0,9850,3,120,617,19731,0,0,372,318.7,483.841,409.8,583.8,838.9,1306.4,6277,7146.9,379,461.5,82.5,585.25,36149
2026-09-05T09:26:57.055149000Z,2026-09-05T09:27:07.043767700Z,event-summary,364561,37,1,150000,feed,369038,364507,4494,0.987722,0,9850,3,120,617,19731,0,0,372,318.7,483.841,409.8,583.8,838.9,1306.4,6277,7146.9,379,461.5,82.5,585.25,36149
2026-09-05T09:26:57.055149000Z,2026-09-05T09:27:07.043767700Z,batch,9853,1,1,150000,feed,1496100,1477783,18167,0.987757,0,9850,3,120,617,19731,0,0,372,318.7,483.838,409.9,584.48,839.12,1308.03,6231.42,7146.9,379.2,462,82.8,586.2,979
2026-09-05T09:27:07.043767700Z,2026-09-05T09:27:17.042781300Z,event,1478550,150,1,150000,feed,1496550,1478700,18600,0.988073,0,9856,4,122,150,19746,0,0,367,318.3,516.177,446,597.1,876.3,1286.8,6867.2,8878.4,400.2,508.6,108.4,671.2,117000
2026-09-05T09:27:07.043767700Z,2026-09-05T09:27:17.042781300Z,event-quote,374566,38,1,150000,feed,379126,374604,4712,0.988073,0,9856,4,122,150,19746,0,0,367,318.3,516.161,446,597.1,876.3,1286.8,6867.2,8878.4,400.2,508.6,108.4,671.2,29640
2026-09-05T09:27:07.043767700Z,2026-09-05T09:27:17.042781300Z,event-trade,374566,38,1,150000,feed,379126,374604,4712,0.988073,0,9856,4,122,150,19746,0,0,367,318.3,516.182,446,597.1,876.3,1286.8,6867.2,8878.4,400.2,508.6,108.4,671.2,29640
2026-09-05T09:27:07.043767700Z,2026-09-05T09:27:17.042781300Z,event-trade-eth,364709,37,1,150000,feed,369149,364746,4588,0.988073,0,9856,4,122,150,19746,0,0,367,318.3,516.182,446,597.1,876.3,1286.8,6867.2,8878.4,400.2,508.6,108.4,671.2,28860
2026-09-05T09:27:07.043767700Z,2026-09-05T09:27:17.042781300Z,event-summary,364709,37,1,150000,feed,369149,364746,4588,0.988073,0,9856,4,122,150,19746,0,0,367,318.3,516.182,446,597.1,876.3,1286.8,6867.2,8878.4,400.2,508.6,108.4,671.2,28860
2026-09-05T09:27:07.043767700Z,2026-09-05T09:27:17.042781300Z,batch,9860,1,1,150000,feed,1496550,1478700,18600,0.988073,0,9856,4,122,150,19746,0,0,367,318.3,516.905,446.3,597.72,877.015,1300.97,6646.01,8878.4,400.4,509.125,108.725,672.212,784
2026-09-05T09:27:17.042781300Z,2026-09-05T09:27:27.006718100Z,event,1474050,150,1,150000,feed,1492800,1473900,17700,0.987339,0,9824,4,116,0,19698,0,0,381,324.4,510.446,446,598.6,858.4,1214.1,6686.5,8580,401.2,507.7,106.5,667.45,114300
2026-09-05T09:27:17.042781300Z,2026-09-05T09:27:27.006718100Z,event-quote,373426,38,1,150000,feed,378176,373388,4484,0.987339,0,9824,4,116,0,19698,0,0,381,324.4,510.355,446,598.6,858.4,1214.1,6686.5,8580,401.2,507.7,106.5,667.45,28956
2026-09-05T09:27:17.042781300Z,2026-09-05T09:27:27.006718100Z,event-trade,373426,38,1,150000,feed,378176,373388,4484,0.987339,0,9824,4,116,0,19698,0,0,381,324.4,510.355,446,598.6,858.4,1214.1,6686.5,8580,401.2,507.7,106.5,667.45,28956
2026-09-05T09:27:17.042781300Z,2026-09-05T09:27:27.006718100Z,event-trade-eth,363599,37,1,150000,feed,368224,363562,4366,0.987339,0,9824,4,116,0,19698,0,0,381,324.4,510.479,446,598.6,858.4,1214.1,6686.5,8580,401.2,507.7,106.5,667.45,28194
2026-09-05T09:27:17.042781300Z,2026-09-05T09:27:27.006718100Z,event-summary,363599,37,1,150000,feed,368224,363562,4366,0.987339,0,9824,4,116,0,19698,0,0,381,324.4,510.6,446,598.6,858.4,1214.1,6686.5,8580,401.2,507.7,106.5,667.45,28194
2026-09-05T09:27:17.042781300Z,2026-09-05T09:27:27.006718100Z,batch,9828,1,1,150000,feed,1492800,1473900,17700,0.987339,0,9824,4,116,0,19698,0,0,381,324.4,511.625,446.4,599.83,861.805,1217.68,6613.15,8580,401.4,508.325,106.925,668.712,768
2026-09-05T09:27:27.006718100Z,2026-09-05T09:27:37.002294900Z,event,1479750,150,1,150000,feed,1497300,1479750,18198,0.988279,48,9862,4,120,150,19759,0,0,377,316.1,473.216,404.6,568.8,828,1172.6,6538.8,7530.5,373.3,452.3,79,570.8,147000
2026-09-05T09:27:27.006718100Z,2026-09-05T09:27:37.002294900Z,event-quote,374870,38,1,150000,feed,379316,374870,4621,0.988279,23,9862,4,120,150,19759,0,0,377,316.1,473.084,404.6,568.8,828,1172.6,6538.8,7530.5,373.3,452.3,79,570.8,37240
2026-09-05T09:27:27.006718100Z,2026-09-05T09:27:37.002294900Z,event-trade,374870,38,1,150000,feed,379316,374870,4623,0.988279,25,9862,4,120,150,19759,0,0,377,316.1,473.084,404.6,568.8,828,1172.6,6538.8,7530.5,373.3,452.3,79,570.8,37240
2026-09-05T09:27:27.006718100Z,2026-09-05T09:27:37.002294900Z,event-trade-eth,365005,37,1,150000,feed,369334,365005,4477,0.988279,0,9862,4,120,150,19759,0,0,377,316.1,473.317,404.6,568.8,828,1172.6,6538.8,7530.5,373.3,452.3,79,570.8,36260
2026-09-05T09:27:27.006718100Z,2026-09-05T09:27:37.002294900Z,event-summary,365005,37,1,150000,feed,369334,365005,4477,0.988279,0,9862,4,120,150,19759,0,0,377,316.1,473.388,404.6,568.8,828,1172.6,6538.8,7530.5,373.3,452.3,79,570.8,36260
2026-09-05T09:27:27.006718100Z,2026-09-05T09:27:37.002294900Z,batch,9866,1,1,150000,feed,1497300,1479750,18198,0.988279,48,9862,4,120,150,19759,0,0,377,316.1,473.884,405.2,574.9,831.575,1176.21,6379.29,7530.5,373.7,454.1,80.4,574.7,987
2026-09-05T09:27:37.002294900Z,2026-09-05T09:27:47.015546600Z,event,1482150,150,1,150000,feed,1500300,1482150,18000,0.987902,0,9880,2,119,150,19796,0,0,381,315.6,474.855,400.8,578.1,823,1258.2,6469.4,7819.6,371.7,442.9,71.2,549.7,161700
2026-09-05T09:27:37.002294900Z,2026-09-05T09:27:47.015546600Z,event-quote,375478,38,1,150000,feed,380076,375478,4560,0.987902,0,9880,2,119,150,19796,0,0,381,315.6,474.907,400.8,578.1,823,1258.2,6469.4,7819.6,371.7,442.9,71.2,549.7,40964
2026-09-05T09:27:37.002294900Z,2026-09-05T09:27:47.015546600Z,event-trade,375478,38,1,150000,feed,380076,375478,4560,0.987902,0,9880,2,119,150,19796,0,0,381,315.6,474.899,400.8,578.1,823,1258.2,6469.4,7819.6,371.7,442.9,71.2,549.7,40964
2026-09-05T09:27:37.002294900Z,2026-09-05T09:27:47.015546600Z,event-trade-eth,365597,37,1,150000,feed,370074,365597,4440,0.987902,0,9880,2,119,150,19796,0,0,381,315.6,474.806,400.8,578.1,823,1258.2,6469.4,7819.6,371.7,442.9,71.2,549.7,39886
2026-09-05T09:27:37.002294900Z,2026-09-05T09:27:47.015546600Z,event-summary,365597,37,1,150000,feed,370074,365597,4440,0.987902,0,9880,2,119,150,19796,0,0,381,315.6,474.806,400.8,578.1,823,1258.2,6469.4,7819.6,371.7,442.9,71.2,549.7,39886
2026-09-05T09:27:37.002294900Z,2026-09-05T09:27:47.015546600Z,batch,9882,1,1,150000,feed,1500300,1482150,18000,0.987902,0,9880,2,119,150,19796,0,0,381,315.6,475.799,401.1,581.58,824.075,1258.88,6432.75,7819.6,371.925,444.1,72.175,552.362,1080
2026-09-05T09:27:47.015546600Z,2026-09-05T09:27:56.993886800Z,event,1476900,150,1,150000,feed,1494750,1477050,18750,0.988159,0,9844,6,122,900,19724,0,0,369,320.9,479.941,405.6,579.2,837.6,1189.4,6220.9,7497.7,378.5,449,70.5,554.75,159450
2026-09-05T09:27:47.015546600Z,2026-09-05T09:27:56.993886800Z,event-quote,374148,38,1,150000,feed,378670,374186,4750,0.988159,0,9844,6,122,900,19724,0,0,369,320.9,479.924,405.6,579.2,837.6,1189.4,6220.9,7497.7,378.5,449,70.5,554.75,40394
2026-09-05T09:27:47.015546600Z,2026-09-05T09:27:56.993886800Z,event-trade,374148,38,1,150000,feed,378670,374186,4750,0.988159,0,9844,6,122,900,19724,0,0,369,320.9,479.924,405.6,579.2,837.6,1189.4,6220.9,7497.7,378.5,449,70.5,554.75,40394
2026-09-05T09:27:47.015546600Z,2026-09-05T09:27:56.993886800Z,event-trade-eth,364302,37,1,150000,feed,368705,364339,4625,0.988159,0,9844,6,122,900,19724,0,0,369,320.9,479.924,405.6,579.2,837.6,1189.4,6220.9,7497.7,378.5,449,70.5,554.75,39331
2026-09-05T09:27:47.015546600Z,2026-09-05T09:27:56.993886800Z,event-summary,364302,37,1,150000,feed,368705,364339,4625,0.988159,0,9844,6,122,900,19724,0,0,369,320.9,479.992,405.6,579.2,837.6,1189.9,6220.9,7497.7,378.5,449,70.5,554.75,39331
2026-09-05T09:27:47.015546600Z,2026-09-05T09:27:56.993886800Z,batch,9850,1,1,150000,feed,1494750,1477050,18750,0.988159,0,9844,6,122,900,19724,0,0,369,320.9,482.724,405.8,583.31,840.265,1231.02,6263.87,7803.3,378.7,449.7,71,556.2,1068
2026-09-05T09:27:56.993886800Z,2026-09-05T09:28:07.013550500Z,event,1482506,150,1,150000,feed,1501350,1482150,17850,0.987212,0,9878,6,116,150,19803,0,0,381,312,468.264,401.6,548.4,809,1163.2,6081.3,7708.3,374.3,443.4,69.1,547.05,149168
2026-09-05T09:27:56.993886800Z,2026-09-05T09:28:07.013550500Z,event-quote,375592,38,1,150000,feed,380342,375478,4522,0.987212,0,9878,6,116,150,19803,0,0,381,312,468.456,401.6,548.4,809,1167.2,6081.3,7708.3,374.3,443.4,69.1,547.05,37810
2026-09-05T09:27:56.993886800Z,2026-09-05T09:28:07.013550500Z,event-trade,375572,38,1,150000,feed,380342,375478,4522,0.987212,0,9878,6,116,150,19803,0,0,381,312,468.264,401.6,548.4,809,1163.2,6081.3,7708.3,374.3,443.4,69.1,547.05,37790
2026-09-05T09:27:56.993886800Z,2026-09-05T09:28:07.013550500Z,event-trade-eth,365671,37,1,150000,feed,370333,365597,4403,0.987212,0,9878,6,116,150,19803,0,0,381,312,468.091,401.6,548.4,808.7,1163.2,6081.3,7708.3,374.3,443.4,69.1,547.05,36778
2026-09-05T09:27:56.993886800Z,2026-09-05T09:28:07.013550500Z,event-summary,365671,37,1,150000,feed,370333,365597,4403,0.987212,0,9878,6,116,150,19803,0,0,381,312,468.239,401.6,548.4,809,1163.2,6081.3,7708.3,374.3,443.4,69.1,547.05,36790
2026-09-05T09:27:56.993886800Z,2026-09-05T09:28:07.013550500Z,batch,9884,1,1,150000,feed,1501350,1482150,17850,0.987212,0,9878,6,116,150,19803,0,0,381,320.6,471.414,402,550.07,811.91,1181.94,6088.78,7708.3,374.6,444.1,69.5,548.35,997
2026-09-05T09:28:07.013550500Z,2026-09-05T09:28:17.075587700Z,event,1490850,150,1,150000,feed,1507950,1490550,18150,0.988461,0,9936,2,120,600,19901,0,0,374,324.5,468.746,403.7,539.3,812.1,1118.8,6107.4,8411,376.5,442.3,65.8,541,147300
2026-09-05T09:28:07.013550500Z,2026-09-05T09:28:17.075587700Z,event-quote,377682,38,1,150000,feed,382014,377606,4598,0.988461,0,9936,2,120,600,19901,0,0,374,324.5,468.66,403.7,539.3,812.1,1118.8,6107.4,8411,376.5,442.3,65.8,541,37316
2026-09-05T09:28:07.013550500Z,2026-09-05T09:28:17.075587700Z,event-trade,377682,38,1,150000,feed,382014,377606,4598,0.988461,0,9936,2,120,600,19901,0,0,374,324.5,468.676,403.7,539.3,812.1,1118.8,6107.4,8411,376.5,442.3,65.8,541,37316
2026-09-05T09:28:07.013550500Z,2026-09-05T09:28:17.075587700Z,event-trade-eth,367743,37,1,150000,feed,371961,367669,4477,0.988461,0,9936,2,120,600,19901,0,0,374,324.5,468.789,403.7,539.3,812.1,1118.8,6107.4,8411,376.5,442.3,65.8,541,36334
2026-09-05T09:28:07.013550500Z,2026-09-05T09:28:17.075587700Z,event-summary,367743,37,1,150000,feed,371961,367669,4477,0.988461,0,9936,2,120,600,19901,0,0,374,324.5,468.862,403.7,539.3,814.3,1126.3,6107.4,8411,376.5,442.3,65.8,541,36334
2026-09-05T09:28:07.013550500Z,2026-09-05T09:28:17.075587700Z,batch,9938,1,1,150000,feed,1507950,1490550,18150,0.988461,0,9936,2,120,600,19901,0,0,374,324.5,469.622,404,541.1,814.615,1123.52,6073.2,8411,376.6,443.175,66.575,543.038,986
2026-09-05T09:28:17.075587700Z,2026-09-05T09:28:27.008519300Z,event,1465006,150,1,150000,feed,1483500,1465050,18126,0.987563,126,9765,2,120,150,19561,0,0,380,330.2,511.217,429.3,682.9,892.3,1395.3,6955.4,9715.8,395.9,495.7,99.8,645.4,164956
2026-09-05T09:28:17.075587700Z,2026-09-05T09:28:27.008519300Z,event-quote,371146,38,1,150000,feed,375820,371146,4598,0.987563,38,9765,2,120,150,19561,0,0,380,330.2,511.271,429.3,682.9,892.3,1395.3,6955.4,9715.8,395.9,495.7,99.8,645.4,41800
2026-09-05T09:28:17.075587700Z,2026-09-05T09:28:27.008519300Z,event-trade,371146,38,1,150000,feed,375820,371146,4598,0.987563,38,9765,2,120,150,19561,0,0,380,330.2,511.274,429.3,682.9,892.3,1395.3,6955.4,9715.8,395.9,495.7,99.8,645.4,41800
2026-09-05T09:28:17.075587700Z,2026-09-05T09:28:27.008519300Z,event-trade-eth,361372,37,1,150000,feed,365930,361379,4477,0.987563,37,9765,2,120,150,19561,0,0,380,330.2,511.237,429.3,682.9,892.3,1395.3,6955.4,9715.8,395.9,495.7,99.8,645.4,40693
2026-09-05T09:28:17.075587700Z,2026-09-05T09:28:27.008519300Z,event-summary,361342,37,1,150000,feed,365930,361379,4453,0.987563,13,9765,2,120,150,19561,0,0,380,330.2,511.081,429.3,682.8,892,1387.4,6955.4,9715.8,395.9,495.7,99.8,645.4,40663
2026-09-05T09:28:17.075587700Z,2026-09-05T09:28:27.008519300Z,batch,9767,1,1,150000,feed,1483500,1465050,18126,0.987563,126,9765,2,120,150,19561,0,0,380,330.2,511.462,429.4,685.16,894.32,1386.01,6918.48,9715.8,395.9,496.2,100.3,646.65,1105
2026-09-05T09:28:27.008519300Z,2026-09-05T09:28:36.978980500Z,event,1475400,150,1,150000,feed,1493700,1475306,18666,0.987686,272,9830,7,121,544,19698,0,0,377,322.2,482.426,409.6,576.5,834.8,1188.8,6489.7,9754.1,381.275,460,78.725,578.087,146349
2026-09-05T09:28:27.008519300Z,2026-09-05T09:28:36.978980500Z,event-quote,373768,38,1,150000,feed,378404,373768,4712,0.987749,76,9830,7,121,544,19698,0,0,377,322.2,482.237,409.6,575.9,834.8,1186.7,6489.7,9754.1,381.275,460,78.725,578.087,37050
2026-09-05T09:28:27.008519300Z,2026-09-05T09:28:36.978980500Z,event-trade,373768,38,1,150000,feed,378404,373748,4732,0.987696,76,9830,7,121,544,19698,0,0,377,322.2,482.416,409.6,576.5,834.8,1188.8,6489.7,9754.1,381.275,460,78.725,578.087,37075
2026-09-05T09:28:27.008519300Z,2026-09-05T09:28:36.978980500Z,event-trade-eth,363932,37,1,150000,feed,368446,363895,4625,0.987648,74,9830,7,121,544,19698,0,0,377,322.2,482.457,409.6,576.5,834.9,1188.8,6489.7,9754.1,381.275,460,78.725,578.087,36112
2026-09-05T09:28:27.008519300Z,2026-09-05T09:28:36.978980500Z,event-summary,363932,37,1,150000,feed,368446,363895,4597,0.987648,46,9830,7,121,544,19698,0,0,377,322.2,482.599,409.6,576.5,834.9,1188.8,6489.7,9754.1,381.275,460,78.725,578.087,36112
2026-09-05T09:28:27.008519300Z,2026-09-05T09:28:36.978980500Z,batch,9837,1,1,150000,feed,1493700,1475306,18666,0.987686,272,9830,7,121,544,19698,0,0,377,322.2,482.321,409.8,576.6,834.82,1188.04,6395.57,9754.1,381.5,460.8,79.3,579.75,974
2026-09-05T09:28:36.978980500Z,2026-09-05T09:28:47.072480200Z,event,1493550,150,1,150000,feed,1511550,1493250,17203,0.987893,103,9952,4,113,300,19940,0,0,383,317.2,478.693,401.7,590.2,824,1237.3,6547.4,7701.6,374,445.8,71.8,553.5,171000
2026-09-05T09:28:36.978980500Z,2026-09-05T09:28:47.072480200Z,event-quote,378366,38,1,150000,feed,382926,378290,4370,0.987893,38,9952,4,113,300,19940,0,0,383,317.2,478.502,401.7,590.2,824,1237.3,6547.4,7701.6,374,445.8,71.8,553.5,43320
2026-09-05T09:28:36.978980500Z,2026-09-05T09:28:47.072480200Z,event-trade,378366,38,1,150000,feed,382926,378290,4370,0.987893,38,9952,4,113,300,19940,0,0,383,317.2,478.65,401.7,590.2,824,1237.3,6547.4,7701.6,374,445.8,71.8,553.5,43320
2026-09-05T09:28:36.978980500Z,2026-09-05T09:28:47.072480200Z,event-trade-eth,368409,37,1,150000,feed,372849,368335,4245,0.987893,27,9952,4,113,300,19940,0,0,383,317.2,478.808,401.7,590.2,824,1264.8,6547.4,7701.6,374,445.8,71.8,553.5,42180
2026-09-05T09:28:36.978980500Z,2026-09-05T09:28:47.072480200Z,event-summary,368409,37,1,150000,feed,372849,368335,4218,0.987893,0,9952,4,113,300,19940,0,0,383,317.2,478.819,401.7,590.2,824,1264.8,6547.4,7701.6,374,445.8,71.8,553.5,42180
2026-09-05T09:28:36.978980500Z,2026-09-05T09:28:47.072480200Z,batch,9956,1,1,150000,feed,1511550,1493250,17203,0.987893,103,9952,4,113,300,19940,0,0,383,317.2,479.037,402,592.45,824.925,1249.68,6492.97,7701.6,374.1,446.425,72.325,554.913,1144
2026-09-05T09:28:47.072480200Z,2026-09-05T09:28:57.074252000Z,event,1479900,150,1,150000,feed,1498350,1479406,18944,0.987357,0,9861,3,125,494,19767,0,0,382,310.8,476.154,401,574.7,834.6,1206.4,6044.9,7763.6,376.7,440.1,63.4,535.2,168750
2026-09-05T09:28:47.072480200Z,2026-09-05T09:28:57.074252000Z,event-quote,374908,38,1,150000,feed,379582,374794,4788,0.987386,0,9861,3,125,494,19767,0,0,382,310.8,476.059,401,574.7,834.6,1206.4,6044.9,7763.6,376.7,440.1,63.4,535.2,42750
2026-09-05T09:28:47.072480200Z,2026-09-05T09:28:57.074252000Z,event-trade,374908,38,1,150000,feed,379582,374794,4788,0.987386,0,9861,3,125,494,19767,0,0,382,310.8,476.158,401,574.7,834.6,1206.4,6044.9,7763.6,376.7,440.1,63.4,535.2,42750
2026-09-05T09:28:47.072480200Z,2026-09-05T09:28:57.074252000Z,event-trade-eth,365042,37,1,150000,feed,369593,364924,4669,0.987367,0,9861,3,125,494,19767,0,0,382,310.8,476.158,401,574.7,834.6,1206.4,6044.9,7763.6,376.7,440.1,63.4,535.2,41625
2026-09-05T09:28:47.072480200Z,2026-09-05T09:28:57.074252000Z,event-summary,365042,37,1,150000,feed,369593,364894,4699,0.987286,0,9861,3,125,494,19767,0,0,382,310.8,476.243,401,574.7,834.6,1206.4,6044.9,7763.6,376.7,440.1,63.4,535.2,41625
2026-09-05T09:28:47.072480200Z,2026-09-05T09:28:57.074252000Z,batch,9864,1,1,150000,feed,1498350,1479406,18944,0.987357,0,9861,3,125,494,19767,0,0,382,318,476.123,401.2,577.74,835.81,1190.15,6009,7763.6,376.9,441.225,64.325,537.712,1128
2026-09-05T09:28:57.074252000Z,2026-09-05T09:29:07.050417800Z,event,1474800,150,1,150000,feed,1494450,1474950,18501,0.986952,51,9827,10,119,150,19705,0,0,390,320.1,477.549,402.7,589.8,841.4,1187.9,6287.6,7604.6,376.7,445.2,68.5,547.95,165300
2026-09-05T09:28:57.074252000Z,2026-09-05T09:29:07.050417800Z,event-quote,373616,38,1,150000,feed,378594,373654,4712,0.986952,38,9827,10,119,150,19705,0,0,390,320.1,477.433,402.7,589.8,841.4,1187.9,6287.6,7604.6,376.7,445.2,68.5,547.95,41876
2026-09-05T09:28:57.074252000Z,2026-09-05T09:29:07.050417800Z,event-trade,373616,38,1,150000,feed,378594,373654,4687,0.986952,13,9827,10,119,150,19705,0,0,390,320.1,477.456,402.7,589.8,841.4,1187.9,6287.6,7604.6,376.7,445.2,68.5,547.95,41876
2026-09-05T09:28:57.074252000Z,2026-09-05T09:29:07.050417800Z,event-trade-eth,363784,37,1,150000,feed,368631,363821,4551,0.986952,0,9827,10,119,150,19705,0,0,390,320.1,477.646,402.7,589.8,841.4,1187.9,6287.6,7604.6,376.7,445.2,68.5,547.95,40774
2026-09-05T09:28:57.074252000Z,2026-09-05T09:29:07.050417800Z,event-summary,363784,37,1,150000,feed,368631,363821,4551,0.986952,0,9827,10,119,150,19705,0,0,390,320.1,477.668,402.7,589.8,841.4,1187.9,6287.6,7604.6,376.7,445.2,68.5,547.95,40774
2026-09-05T09:28:57.074252000Z,2026-09-05T09:29:07.050417800Z,batch,9837,1,1,150000,feed,1494450,1474950,18501,0.986952,51,9827,10,119,150,19705,0,0,390,320.1,479.477,403,595.12,841.9,1230.32,6258.51,7604.6,376.9,446.2,69.3,550.15,1103
2026-09-05T09:29:07.050417800Z,2026-09-05T09:29:17.042972800Z,event,1479200,150,1,150000,feed,1496400,1479300,17480,0.988573,80,9857,8,113,0,19747,0,0,389,314.3,470.228,398.6,551.4,817.3,1152.3,6787.7,8982.1,372.2,438.5,66.3,537.95,157400
2026-09-05T09:29:07.050417800Z,2026-09-05T09:29:17.042972800Z,event-quote,374756,38,1,150000,feed,379088,374756,4446,0.988573,38,9857,8,113,0,19747,0,0,389,314.3,470.358,398.6,551.4,817.3,1152.3,6787.7,8982.1,372.2,438.5,66.3,537.95,39900
2026-09-05T09:29:07.050417800Z,2026-09-05T09:29:17.042972800Z,event-trade,374730,38,1,150000,feed,379088,374756,4446,0.988573,38,9857,8,113,0,19747,0,0,389,314.3,470.204,398.6,551.4,817.3,1152.3,6787.7,8982.1,372.2,438.5,66.3,537.95,39874
2026-09-05T09:29:07.050417800Z,2026-09-05T09:29:17.042972800Z,event-trade-eth,364857,37,1,150000,feed,369112,364894,4296,0.988573,4,9857,8,113,0,19747,0,0,389,314.3,470.174,398.6,550.8,817.3,1152.3,6787.7,8982.1,372.2,438.5,66.3,537.95,38813
2026-09-05T09:29:07.050417800Z,2026-09-05T09:29:17.042972800Z,event-summary,364857,37,1,150000,feed,369112,364894,4292,0.988573,0,9857,8,113,0,19747,0,0,389,314.3,470.174,398.6,550.8,817.3,1152.3,6787.7,8982.1,372.2,438.5,66.3,537.95,38813
2026-09-05T09:29:07.050417800Z,2026-09-05T09:29:17.042972800Z,batch,9865,1,1,150000,feed,1496400,1479300,17480,0.988573,80,9857,8,113,0,19747,0,0,389,322.3,472.693,398.9,554.3,819.66,1165.98,6790.03,8982.1,372.4,439.7,67.3,540.65,1050
2026-09-05T09:29:17.042972800Z,2026-09-05T09:29:27.042175000Z,event,1480950,150,1,150000,feed,1498950,1480800,18450,0.987892,0,9867,10,118,450,19776,0,0,387,317.2,469.34,400.1,567.3,817.9,1121.5,6053.7,7902.1,373.2,439.1,65.9,537.95,165321
2026-09-05T09:29:17.042972800Z,2026-09-05T09:29:27.042175000Z,event-quote,375174,38,1,150000,feed,379734,375136,4674,0.987892,0,9867,10,118,450,19776,0,0,387,317.2,469.252,400.1,567.3,817.9,1121.5,6053.7,7902.1,373.2,439.1,65.9,537.95,41876
2026-09-05T09:29:17.042972800Z,2026-09-05T09:29:27.042175000Z,event-trade,375174,38,1,150000,feed,379734,375136,4674,0.987892,0,9867,10,118,450,19776,0,0,387,317.2,469.276,400.1,567.3,817.9,1121.5,6053.7,7902.1,373.2,439.1,65.9,537.95,41876
2026-09-05T09:29:17.042972800Z,2026-09-05T09:29:27.042175000Z,event-trade-eth,365301,37,1,150000,feed,369741,365264,4551,0.987892,0,9867,10,118,450,19776,0,0,387,317.2,469.369,400.1,567.3,817.9,1121.5,6053.7,7902.1,373.2,439.1,65.9,537.95,40774
2026-09-05T09:29:17.042972800Z,2026-09-05T09:29:27.042175000Z,event-summary,365301,37,1,150000,feed,369741,365264,4551,0.987892,0,9867,10,118,450,19776,0,0,387,317.2,469.468,400.1,567.5,817.9,1121.5,6053.7,7902.1,373.2,439.1,65.9,537.95,40795
2026-09-05T09:29:17.042972800Z,2026-09-05T09:29:27.042175000Z,batch,9877,1,1,150000,feed,1498950,1480800,18450,0.987892,0,9867,10,118,450,19776,0,0,387,317.2,472.406,400.5,572.74,822.22,1158.6,5988.15,7902.1,373.3,440.2,66.9,540.55,1116
2026-09-05T09:29:27.042175000Z,2026-09-05T09:29:36.989233400Z,event,1470300,150,1,150000,feed,1488000,1470300,19208,0.988105,8,9798,6,126,300,19628,0,0,376,320.5,497.879,418,650.8,875.4,1395.1,6158.9,8824.9,386.1,474.6,88.5,607.35,169500
2026-09-05T09:29:27.042175000Z,2026-09-05T09:29:36.989233400Z,event-quote,372476,38,1,150000,feed,376960,372476,4872,0.988105,8,9798,6,126,300,19628,0,0,376,320.5,497.816,418,650.8,875.2,1379.8,6158.9,8824.9,386.1,474.6,88.5,607.35,42940
2026-09-05T09:29:27.042175000Z,2026-09-05T09:29:36.989233400Z,event-trade,372476,38,1,150000,feed,376960,372476,4864,0.988105,0,9798,6,126,300,19628,0,0,376,320.5,497.816,418,650.8,875.2,1379.8,6158.9,8824.9,386.1,474.6,88.5,607.35,42940
2026-09-05T09:29:27.042175000Z,2026-09-05T09:29:36.989233400Z,event-trade-eth,362674,37,1,150000,feed,367040,362674,4736,0.988105,0,9798,6,126,300,19628,0,0,376,320.5,497.899,418,650.8,875.2,1383.93,6153.99,8824.9,386.1,474.6,88.5,607.35,41810
2026-09-05T09:29:27.042175000Z,2026-09-05T09:29:36.989233400Z,event-summary,362674,37,1,150000,feed,367040,362674,4736,0.988105,0,9798,6,126,300,19628,0,0,376,320.5,497.986,418,650.8,875.4,1395.1,6151.6,8824.9,386.1,474.6,88.5,607.35,41810
2026-09-05T09:29:27.042175000Z,2026-09-05T09:29:36.989233400Z,batch,9804,1,1,150000,feed,1488000,1470300,19208,0.988105,8,9798,6,126,300,19628,0,0,376,320.5,499.6,418.2,652.5,876.825,1430.6,6153.04,8824.9,386.375,474.825,88.45,607.5,1137
2026-09-05T09:29:36.989233400Z,2026-09-05T09:29:47.055485400Z,event,1484766,150,1,150000,feed,1503450,1484900,18159,0.987662,59,9894,9,117,100,19819,0,0,381,325,522.262,445.9,666.1,895.4,1430.7,7054.3,10858.5,408.1,522.1,114,693.1,134571
2026-09-05T09:29:36.989233400Z,2026-09-05T09:29:47.055485400Z,event-quote,376162,38,1,150000,feed,380874,376200,4598,0.987728,38,9894,9,117,100,19819,0,0,381,325,522.698,445.9,666.1,895.4,1431.25,7054.3,10858.5,408.1,522.1,114,693.1,34086
2026-09-05T09:29:36.989233400Z,2026-09-05T09:29:47.055485400Z,event-trade,376152,38,1,150000,feed,380874,376174,4607,0.98766,21,9894,9,117,100,19819,0,0,381,325,522.586,445.9,666.1,895.4,1430.7,7054.3,10858.5,408.1,522.1,114,693.1,34107
2026-09-05T09:29:36.989233400Z,2026-09-05T09:29:47.055485400Z,event-trade-eth,366226,37,1,150000,feed,370851,366263,4477,0.987628,0,9894,9,117,100,19819,0,0,381,325,521.872,445.9,666.1,895.4,1427.78,6972.4,9860.1,408.1,522.1,114,693.1,33189
2026-09-05T09:29:36.989233400Z,2026-09-05T09:29:47.055485400Z,event-summary,366226,37,1,150000,feed,370851,366263,4477,0.987628,0,9894,9,117,100,19819,0,0,381,325,521.872,445.9,666.1,895.4,1427.78,6972.4,9860.1,408.1,522.1,114,693.1,33189
2026-09-05T09:29:36.989233400Z,2026-09-05T09:29:47.055485400Z,batch,9903,1,1,150000,feed,1503450,1484900,18159,0.987662,59,9894,9,117,100,19819,0,0,381,325,523.596,446.3,667.48,899.49,1464.47,6820.95,9860.1,408.3,522.95,114.65,694.925,901
2026-09-05T09:29:47.055485400Z,2026-09-05T09:29:57.062320800Z,event,1478700,150,1,150000,feed,1495800,1478250,18416,0.988267,266,9849,8,119,300,19737,0,0,376,329.7,514.278,447.3,632.9,805.7,1297.4,7717.1,8640.9,411.6,518.4,106.8,678.6,117327
2026-09-05T09:29:47.055485400Z,2026-09-05T09:29:57.062320800Z,event-quote,374604,38,1,150000,feed,378936,374490,4674,0.988267,76,9849,8,119,300,19737,0,0,376,329.7,514.079,447.3,632.9,805.7,1297.4,7717.1,8640.9,411.6,518.4,106.8,678.6,29716
2026-09-05T09:29:47.055485400Z,2026-09-05T09:29:57.062320800Z,event-trade,374604,38,1,150000,feed,378936,374490,4674,0.988267,76,9849,8,119,300,19737,0,0,376,329.7,514.09,447.3,632.9,805.7,1297.4,7717.1,8640.9,411.6,518.4,106.8,678.6,29716
2026-09-05T09:29:47.055485400Z,2026-09-05T09:29:57.062320800Z,event-trade-eth,364746,37,1,150000,feed,368964,364635,4551,0.988267,74,9849,8,119,300,19737,0,0,376,329.7,514.375,447.3,632.9,805.7,1293.3,7717.1,8640.9,411.6,518.4,106.8,678.6,28935
2026-09-05T09:29:47.055485400Z,2026-09-05T09:29:57.062320800Z,event-summary,364746,37,1,150000,feed,368964,364635,4517,0.988267,40,9849,8,119,300,19737,0,0,376,329.7,514.579,447.3,632.9,805.7,1297.4,7717.1,8640.9,411.6,518.4,106.8,678.6,28960
2026-09-05T09:29:47.055485400Z,2026-09-05T09:29:57.062320800Z,batch,9857,1,1,150000,feed,1495800,1478250,18416,0.988267,266,9849,8,119,300,19737,0,0,376,329.7,514.785,447.5,633.9,805.82,1298.76,7700.75,8640.9,411.7,518.9,107.2,679.7,778
2026-09-05T09:29:57.062320800Z,2026-09-05T09:30:07.033561200Z,event,1475127,150,1,150000,feed,1491900,1475550,17513,0.989041,113,9833,6,114,300,19691,0,0,369,331.9,514.426,451.7,638.6,794,1243.6,6975.8,9246,413.3,523.7,110.4,689.3,109677
2026-09-05T09:29:57.062320800Z,2026-09-05T09:30:07.033561200Z,event-quote,373719,38,1,150000,feed,377948,373806,4446,0.989041,38,9833,6,114,300,19691,0,0,369,331.9,514.498,451.7,638.8,794,1243.7,6975.8,9246,413.3,523.7,110.4,689.3,27805
2026-09-05T09:29:57.062320800Z,2026-09-05T09:30:07.033561200Z,event-trade,373692,38,1,150000,feed,377948,373806,4446,0.989041,38,9833,6,114,300,19691,0,0,369,331.9,514.408,451.65,638.6,794,1243.6,6975.8,9246,413.3,523.7,110.4,689.3,27778
2026-09-05T09:29:57.062320800Z,2026-09-05T09:30:07.033561200Z,event-trade-eth,363858,37,1,150000,feed,368002,363969,4328,0.989041,36,9833,6,114,300,19691,0,0,369,331.9,514.408,451.65,638.6,794,1243.6,6975.8,9246,413.3,523.7,110.4,689.3,27047
2026-09-05T09:29:57.062320800Z,2026-09-05T09:30:07.033561200Z,event-summary,363858,37,1,150000,feed,368002,363969,4293,0.989041,1,9833,6,114,300,19691,0,0,369,331.9,514.389,451.65,638.6,794,1243.6,6975.8,9246,413.3,523.7,110.4,689.3,27047
2026-09-05T09:29:57.062320800Z,2026-09-05T09:30:07.033561200Z,batch,9839,1,1,150000,feed,1491900,1475550,17513,0.989041,113,9833,6,114,300,19691,0,0,369,331.9,515.865,452.2,640,796.89,1249.19,6962.98,9246,413.5,524.6,111.1,691.25,736
2026-09-05T09:30:07.033561200Z,2026-09-05T09:30:17.051302600Z,event,1483800,150,1,150000,feed,1501200,1484016,18279,0.988553,45,9889,7,119,384,19813,0,0,360,321.3,481.663,416.6,576.3,808.3,1175.7,6524.2,8764.6,386.4,466.5,80.1,586.65,142050
2026-09-05T09:30:07.033561200Z,2026-09-05T09:30:17.051302600Z,event-quote,375896,38,1,150000,feed,380304,375972,4636,0.988609,38,9889,7,119,384,19813,0,0,360,321.3,481.617,416.6,576.3,808.3,1175.7,6524.2,8764.6,386.4,466.5,80.1,586.65,35986
2026-09-05T09:30:07.033561200Z,2026-09-05T09:30:17.051302600Z,event-trade,375896,38,1,150000,feed,380304,375962,4615,0.988583,7,9889,7,119,384,19813,0,0,360,321.3,481.679,416.6,576.3,808.3,1175.7,6524.2,8764.6,386.4,466.5,80.1,586.65,35986
2026-09-05T09:30:07.033561200Z,2026-09-05T09:30:17.051302600Z,event-trade-eth,366004,37,1,150000,feed,370296,366041,4514,0.988509,0,9889,7,119,384,19813,0,0,360,321.3,481.679,416.6,576.3,808.3,1175.7,6524.2,8764.6,386.4,466.5,80.1,586.65,35039
2026-09-05T09:30:07.033561200Z,2026-09-05T09:30:17.051302600Z,event-summary,366004,37,1,150000,feed,370296,366041,4514,0.988509,0,9889,7,119,384,19813,0,0,360,321.3,481.679,416.6,576.3,808.3,1175.7,6524.2,8764.6,386.4,466.5,80.1,586.65,35039
2026-09-05T09:30:07.033561200Z,2026-09-05T09:30:17.051302600Z,batch,9896,1,1,150000,feed,1501200,1484016,18279,0.988553,45,9889,7,119,384,19813,0,0,360,321.3,484.045,416.7,578.8,809.725,1179.63,6528.28,10858.5,386.4,467,80.6,587.9,952
2026-09-05T09:30:17.051302600Z,2026-09-05T09:30:27.027433200Z,event,1477200,150,1,150000,feed,1494300,1478250,17436,0.989259,186,9846,14,110,150,19727,0,0,351,320.8,470.086,404.2,544.4,814.2,1114.5,6400.6,7212.8,375.1,445.9,70.8,552.1,142092
2026-09-05T09:30:17.051302600Z,2026-09-05T09:30:27.027433200Z,event-quote,374224,38,1,150000,feed,378556,374490,4408,0.989259,38,9846,14,110,150,19727,0,0,351,320.8,470.057,404.2,544.4,814.2,1114.5,6400.6,7212.8,375.1,445.75,70.65,551.725,36024
2026-09-05T09:30:17.051302600Z,2026-09-05T09:30:27.027433200Z,event-trade,374224,38,1,150000,feed,378556,374490,4416,0.989259,46,9846,14,110,150,19727,0,0,351,320.8,470.057,404.2,544.4,814.2,1114.5,6400.6,7212.8,375.1,445.75,70.65,551.725,36024
2026-09-05T09:30:17.051302600Z,2026-09-05T09:30:27.027433200Z,event-trade-eth,364376,37,1,150000,feed,368594,364635,4319,0.989259,64,9846,14,110,150,19727,0,0,351,320.8,470.074,404.2,544.4,814.2,1114.5,6400.6,7212.8,375.1,445.9,70.8,552.1,35045
2026-09-05T09:30:17.051302600Z,2026-09-05T09:30:27.027433200Z,event-summary,364376,37,1,150000,feed,368594,364635,4293,0.989259,38,9846,14,110,150,19727,0,0,351,320.8,470.156,404.2,544.4,816,1133.5,6400.6,7212.8,375.1,445.9,70.8,552.1,35075
2026-09-05T09:30:17.051302600Z,2026-09-05T09:30:27.027433200Z,batch,9860,1,1,150000,feed,1494300,1478250,17436,0.989259,186,9846,14,110,150,19727,0,0,351,320.8,474.587,404.5,547.81,825.625,1207.76,6422.34,7212.8,375.2,446.6,71.4,553.7,961
2026-09-05T09:30:27.027433200Z,2026-09-05T09:30:37.052147200Z,event,1486643,150,1,150000,feed,1501500,1486377,17373,0.989928,0,9908,3,114,273,19845,0,0,335,322.6,482.27,425.5,550.3,792.4,1113.6,6941.7,10421.7,394.9,470.4,75.5,583.65,119843
2026-09-05T09:30:27.027433200Z,2026-09-05T09:30:37.052147200Z,event-quote,376618,38,1,150000,feed,380380,376569,4381,0.989981,0,9908,3,114,273,19845,0,0,335,322.6,482.277,425.5,550.3,792.4,1113.6,6941.7,10421.7,394.9,470.4,75.5,583.65,30362
2026-09-05T09:30:27.027433200Z,2026-09-05T09:30:37.052147200Z,event-trade,376618,38,1,150000,feed,380380,376542,4408,0.98991,0,9908,3,114,273,19845,0,0,335,322.6,482.277,425.5,550.3,792.4,1113.6,6941.7,10421.7,394.9,470.4,75.5,583.65,30362
2026-09-05T09:30:27.027433200Z,2026-09-05T09:30:37.052147200Z,event-trade-eth,366707,37,1,150000,feed,370370,366633,4292,0.98991,0,9908,3,114,273,19845,0,0,335,322.6,482.288,425.5,550.3,792.4,1113.6,6941.7,10421.7,394.9,470.4,75.5,583.65,29563
2026-09-05T09:30:27.027433200Z,2026-09-05T09:30:37.052147200Z,event-summary,366700,37,1,150000,feed,370370,366633,4292,0.98991,0,9908,3,114,273,19845,0,0,335,322.6,482.238,425.5,550.3,792.4,1113.6,6941.7,10421.7,394.9,470.4,75.5,583.65,29556
2026-09-05T09:30:27.027433200Z,2026-09-05T09:30:37.052147200Z,batch,9911,1,1,150000,feed,1501500,1486377,17373,0.989928,0,9908,3,114,273,19845,0,0,335,322.6,482.723,425.6,550.7,792.8,1113.44,6587.71,10421.7,394.9,470.6,75.7,584.15,802
2026-09-05T09:30:37.052147200Z,2026-09-05T09:30:47.013532500Z,event,1475250,150,1,150000,feed,1492650,1474950,16800,0.988142,0,9830,6,109,150,19700,0,0,342,318.8,475.82,412.2,555.1,825.7,1118.1,5997.8,7213.5,386,455.8,69.8,560.5,143400
2026-09-05T09:30:37.052147200Z,2026-09-05T09:30:47.013532500Z,event-quote,373730,38,1,150000,feed,378138,373654,4256,0.988142,0,9830,6,109,150,19700,0,0,342,318.8,475.59,412.2,555.1,825.7,1118.1,5997.8,7213.5,386,455.8,69.8,560.5,36328
2026-09-05T09:30:37.052147200Z,2026-09-05T09:30:47.013532500Z,event-trade,373730,38,1,150000,feed,378138,373654,4256,0.988142,0,9830,6,109,150,19700,0,0,342,318.8,475.828,412.2,555.1,825.7,1118.1,6007.39,7213.5,386,455.8,69.8,560.5,36328
2026-09-05T09:30:37.052147200Z,2026-09-05T09:30:47.013532500Z,event-trade-eth,363895,37,1,150000,feed,368187,363821,4144,0.988142,0,9830,6,109,150,19700,0,0,342,318.8,475.895,412.2,555.1,825.7,1118.1,6033.2,7213.5,386,455.8,69.8,560.5,35372
2026-09-05T09:30:37.052147200Z,2026-09-05T09:30:47.013532500Z,event-summary,363895,37,1,150000,feed,368187,363821,4144,0.988142,0,9830,6,109,150,19700,0,0,342,318.8,475.974,412.2,555.1,825.7,1118.1,6033.2,7213.5,386,455.8,69.8,560.5,35372
2026-09-05T09:30:37.052147200Z,2026-09-05T09:30:47.013532500Z,batch,9836,1,1,150000,feed,1492650,1474950,16800,0.988142,0,9830,6,109,150,19700,0,0,342,318.8,476.356,412.3,557.65,826.85,1118.1,5921.73,7213.5,386.2,456.2,70,561.2,966
2026-09-05T09:30:47.013532500Z,2026-09-05T09:30:56.987700200Z,event,1476900,150,1,150000,feed,1494600,1476300,16758,0.987756,108,9840,2,111,0,19720,0,0,355,315.6,485.683,416,563.5,841.3,1204.4,6520.6,7439.8,387.3,461.5,74.2,572.8,141765
2026-09-05T09:30:47.013532500Z,2026-09-05T09:30:56.987700200Z,event-quote,374148,38,1,150000,feed,378632,373996,4256,0.987756,38,9840,2,111,0,19720,0,0,355,315.6,485.63,415.9,563.5,841.3,1204.4,6520.6,7439.8,387.3,461.5,74.2,572.8,35908
2026-09-05T09:30:47.013532500Z,2026-09-05T09:30:56.987700200Z,event-trade,374148,38,1,150000,feed,378632,373996,4256,0.987756,38,9840,2,111,0,19720,0,0,355,315.6,485.662,415.95,563.5,841.3,1204.4,6520.6,7439.8,387.3,461.5,74.2,572.8,35910
2026-09-05T09:30:47.013532500Z,2026-09-05T09:30:56.987700200Z,event-trade-eth,364302,37,1,150000,feed,368668,364154,4138,0.987756,31,9840,2,111,0,19720,0,0,355,315.6,485.662,415.95,563.5,841.3,1204.4,6520.6,7439.8,387.3,461.5,74.2,572.8,34965
2026-09-05T09:30:47.013532500Z,2026-09-05T09:30:56.987700200Z,event-summary,364302,37,1,150000,feed,368668,364154,4108,0.987756,1,9840,2,111,0,19720,0,0,355,315.6,485.778,416,563.5,842.1,1204.4,6520.6,7439.8,387.3,461.5,74.2,572.8,34982
2026-09-05T09:30:47.013532500Z,2026-09-05T09:30:56.987700200Z,batch,9842,1,1,150000,feed,1494600,1476300,16758,0.987756,108,9840,2,111,0,19720,0,0,355,324.5,485.866,416.3,564.9,841.27,1189.65,6390.67,7439.8,387.625,461.9,74.275,573.312,950
2026-09-05T09:30:56.987700200Z,2026-09-05T09:31:07.054413700Z,event,1489950,150,1,150000,feed,1508550,1489793,15607,0.987566,0,9929,5,102,7,19898,0,0,378,325,479.763,405.5,585.9,815.4,1206.5,6574.4,7423,377.6,448.6,71,555.1,165150
2026-09-05T09:30:56.987700200Z,2026-09-05T09:31:07.054413700Z,event-quote,377454,38,1,150000,feed,382166,377416,3952,0.987571,0,9929,5,102,7,19898,0,0,378,325,479.65,405.5,585.9,815.4,1206.5,6574.4,7423,377.6,448.6,71,555.1,41838
2026-09-05T09:30:56.987700200Z,2026-09-05T09:31:07.054413700Z,event-trade,377454,38,1,150000,feed,382166,377416,3952,0.987571,0,9929,5,102,7,19898,0,0,378,325,479.705,405.5,585.9,815.4,1206.5,6574.4,7423,377.6,448.6,71,555.1,41838
2026-09-05T09:30:56.987700200Z,2026-09-05T09:31:07.054413700Z,event-trade-eth,367521,37,1,150000,feed,372109,367484,3848,0.987571,0,9929,5,102,7,19898,0,0,378,325,479.795,405.5,585.9,815.4,1206.5,6574.4,7423,377.6,448.6,71,555.1,40737
2026-09-05T09:30:56.987700200Z,2026-09-05T09:31:07.054413700Z,event-summary,367521,37,1,150000,feed,372109,367477,3855,0.987552,0,9929,5,102,7,19898,0,0,378,325,479.906,405.5,585.9,815.4,1206.5,6574.4,7423,377.6,448.6,71,555.1,40737
2026-09-05T09:30:56.987700200Z,2026-09-05T09:31:07.054413700Z,batch,9934,1,1,150000,feed,1508550,1489793,15607,0.987566,0,9929,5,102,7,19898,0,0,378,325,480.17,405.6,586.14,815.505,1210.39,6530.74,7423,377.7,448.975,71.275,555.888,1097
2026-09-05T09:31:07.054413700Z,2026-09-05T09:31:17.072016300Z,event,1482413,150,1,150000,feed,1500900,1482900,17700,0.988007,0,9881,10,113,450,19799,0,0,380,323.5,488.655,407,648.2,803.8,1308.3,6289.1,7437.5,378.7,468.1,89.4,602.2,172763
2026-09-05T09:31:07.054413700Z,2026-09-05T09:31:17.072016300Z,event-quote,375554,38,1,150000,feed,380228,375668,4484,0.988007,0,9881,10,113,450,19799,0,0,380,323.5,488.659,407,648.2,803.8,1316.2,6289.1,7437.5,378.7,468.1,89.4,602.2,43776
2026-09-05T09:31:07.054413700Z,2026-09-05T09:31:17.072016300Z,event-trade,375554,38,1,150000,feed,380228,375668,4484,0.988007,0,9881,10,113,450,19799,0,0,380,323.5,488.688,407,648.2,803.8,1316.2,6289.1,7437.5,378.7,468.1,89.4,602.2,43776
2026-09-05T09:31:07.054413700Z,2026-09-05T09:31:17.072016300Z,event-trade-eth,365671,37,1,150000,feed,370222,365782,4366,0.988007,0,9881,10,113,450,19799,0,0,380,323.5,488.688,407,648.2,803.8,1316.2,6289.1,7437.5,378.7,468.1,89.4,602.2,42624
2026-09-05T09:31:07.054413700Z,2026-09-05T09:31:17.072016300Z,event-summary,365634,37,1,150000,feed,370222,365782,4366,0.988007,0,9881,10,113,450,19799,0,0,380,323.5,488.582,407,647.7,803.6,1308.3,6289.1,7437.5,378.7,468.1,89.4,602.2,42587
2026-09-05T09:31:07.054413700Z,2026-09-05T09:31:17.072016300Z,batch,9891,1,1,150000,feed,1500900,1482900,17700,0.988007,0,9881,10,113,450,19799,0,0,380,323.5,491.016,407.1,651.1,807.45,1434.37,6200.46,7437.5,378.8,468.7,89.9,603.55,1158
2026-09-05T09:31:17.072016300Z,2026-09-05T09:31:26.985428700Z,event,1468650,150,1,150000,feed,1485450,1468800,17235,0.988791,135,9786,8,112,150,19610,0,0,378,323,467.897,401.4,580.7,797.1,1138.3,5751.2,7604.2,371.3,441.5,70.2,546.8,165000
2026-09-05T09:31:17.072016300Z,2026-09-05T09:31:26.985428700Z,event-quote,372058,38,1,150000,feed,376314,372096,4372,0.988791,40,9786,8,112,150,19610,0,0,378,323,467.887,401.4,580.7,797.1,1138.3,5751.2,7604.2,371.3,441.5,70.2,546.8,41800
2026-09-05T09:31:17.072016300Z,2026-09-05T09:31:26.985428700Z,event-trade,372058,38,1,150000,feed,376314,372096,4370,0.988791,38,9786,8,112,150,19610,0,0,378,323,467.803,401.4,580.7,797.1,1138.3,5751.2,7604.2,371.3,441.5,70.2,546.8,41800
2026-09-05T09:31:17.072016300Z,2026-09-05T09:31:26.985428700Z,event-trade-eth,362267,37,1,150000,feed,366411,362304,4255,0.988791,37,9786,8,112,150,19610,0,0,378,323,467.889,401.4,580.7,797.1,1138.3,5751.2,7604.2,371.3,441.5,70.2,546.8,40700
2026-09-05T09:31:17.072016300Z,2026-09-05T09:31:26.985428700Z,event-summary,362267,37,1,150000,feed,366411,362304,4238,0.988791,20,9786,8,112,150,19610,0,0,378,323,468.011,401.4,580.7,797.1,1140.8,5751.2,7604.2,371.3,441.5,70.2,546.8,40700
2026-09-05T09:31:17.072016300Z,2026-09-05T09:31:26.985428700Z,batch,9794,1,1,150000,feed,1485450,1468800,17235,0.988791,135,9786,8,112,150,19610,0,0,378,323,467.857,401.7,584.68,798.97,1148.62,5739.46,7604.2,371.4,441.8,70.4,547.4,1105
2026-09-05T09:31:26.985428700Z,2026-09-05T09:31:37.064294700Z,event,1493550,150,1,150000,feed,1509150,1493850,18900,0.989862,0,9955,8,122,450,19940,0,0,351,321.7,468.104,398.9,566.4,783.1,1123.7,6814.4,11254.9,370.3,439.5,69.2,543.3,163500
2026-09-05T09:31:26.985428700Z,2026-09-05T09:31:37.064294700Z,event-quote,378366,38,1,150000,feed,382318,378442,4788,0.989862,0,9955,8,122,450,19940,0,0,351,321.7,468.059,398.9,566.4,783.1,1123.7,6814.4,11254.9,370.3,439.5,69.2,543.3,41420
2026-09-05T09:31:26.985428700Z,2026-09-05T09:31:37.064294700Z,event-trade,378366,38,1,150000,feed,382318,378442,4788,0.989862,0,9955,8,122,450,19940,0,0,351,321.7,468.08,398.9,566.4,783.1,1123.7,6814.4,11254.9,370.3,439.5,69.2,543.3,41420
2026-09-05T09:31:26.985428700Z,2026-09-05T09:31:37.064294700Z,event-trade-eth,368409,37,1,150000,feed,372257,368483,4662,0.989862,0,9955,8,122,450,19940,0,0,351,321.7,468.099,398.9,566.4,783.1,1123.7,6814.4,11254.9,370.3,439.5,69.2,543.3,40330
2026-09-05T09:31:26.985428700Z,2026-09-05T09:31:37.064294700Z,event-summary,368409,37,1,150000,feed,372257,368483,4662,0.989862,0,9955,8,122,450,19940,0,0,351,321.7,468.181,398.9,566.4,783.1,1123.7,6814.4,11254.9,370.3,439.5,69.2,543.3,40330
2026-09-05T09:31:26.985428700Z,2026-09-05T09:31:37.064294700Z,batch,9963,1,1,150000,feed,1509150,1493850,18900,0.989862,0,9955,8,122,450,19940,0,0,351,321.7,470.887,399,568.98,785.58,1166.88,6581.31,11254.9,370.3,440.15,69.85,544.925,1088
2026-09-05T09:31:37.064294700Z,2026-09-05T09:31:47.010440600Z,event,1471050,150,1,150000,feed,1490100,1471013,18187,0.987191,0,9805,3,120,337,19648,0,0,358,317.4,468.359,395.9,594.5,803.2,1163.2,6163.1,7201.2,367.4,436.4,69,539.9,172800
2026-09-05T09:31:37.064294700Z,2026-09-05T09:31:47.010440600Z,event-quote,372666,38,1,150000,feed,377492,372666,4598,0.987216,0,9805,3,120,337,19648,0,0,358,317.4,468.28,395.9,594.5,803.2,1163.2,6163.1,7201.2,367.4,436.4,69,539.9,43776
2026-09-05T09:31:37.064294700Z,2026-09-05T09:31:47.010440600Z,event-trade,372666,38,1,150000,feed,377492,372666,4598,0.987216,0,9805,3,120,337,19648,0,0,358,317.4,468.376,395.9,594.5,803.2,1163.2,6163.1,7201.2,367.4,436.4,69,539.9,43776
2026-09-05T09:31:37.064294700Z,2026-09-05T09:31:47.010440600Z,event-trade-eth,362859,37,1,150000,feed,367558,362859,4477,0.987216,0,9805,3,120,337,19648,0,0,358,317.4,468.382,395.9,594.5,803.2,1163.2,6163.1,7201.2,367.4,436.4,69,539.9,42624
2026-09-05T09:31:37.064294700Z,2026-09-05T09:31:47.010440600Z,event-summary,362859,37,1,150000,feed,367558,362822,4514,0.987115,0,9805,3,120,337,19648,0,0,358,317.4,468.398,395.9,594.5,803.2,1163.2,6163.1,7201.2,367.4,436.4,69,539.9,42624
2026-09-05T09:31:37.064294700Z,2026-09-05T09:31:47.010440600Z,batch,9808,1,1,150000,feed,1490100,1471013,18187,0.987191,0,9805,3,120,337,19648,0,0,358,317.4,468.947,396,595.48,804.62,1165.43,6098.78,7201.2,367.4,436.625,69.225,540.462,1153
2026-09-05T09:31:47.010440600Z,2026-09-05T09:31:57.052257000Z,event,1487103,150,1,150000,feed,1504800,1487100,17198,0.988238,98,9909,8,111,300,19865,0,0,364,320.6,473.879,400.4,600,814,1282.7,6003.4,6994.4,372.2,439.6,67.4,540.7,173853
2026-09-05T09:31:47.010440600Z,2026-09-05T09:31:57.052257000Z,event-quote,376735,38,1,150000,feed,381216,376732,4370,0.988238,38,9909,8,111,300,19865,0,0,364,320.6,473.766,400.4,600,814,1266.1,6003.4,6994.4,372.2,439.6,67.4,540.7,44045
2026-09-05T09:31:47.010440600Z,2026-09-05T09:31:57.052257000Z,event-trade,376732,38,1,150000,feed,381216,376732,4370,0.988238,38,9909,8,111,300,19865,0,0,364,320.6,473.836,400.4,600,814,1266.1,6003.4,6994.4,372.2,439.6,67.4,540.7,44042
2026-09-05T09:31:47.010440600Z,2026-09-05T09:31:57.052257000Z,event-trade-eth,366818,37,1,150000,feed,371184,366818,4240,0.988238,22,9909,8,111,300,19865,0,0,364,320.6,473.959,400.4,600,814.1,1282.7,6003.4,6994.4,372.2,439.6,67.4,540.7,42883
2026-09-05T09:31:47.010440600Z,2026-09-05T09:31:57.052257000Z,event-summary,366818,37,1,150000,feed,371184,366818,4218,0.988238,0,9909,8,111,300,19865,0,0,364,320.6,473.959,400.4,600,814.1,1282.7,6003.4,6994.4,372.2,439.6,67.4,540.7,42883
2026-09-05T09:31:47.010440600Z,2026-09-05T09:31:57.052257000Z,batch,9917,1,1,150000,feed,1504800,1487100,17198,0.988238,98,9909,8,111,300,19865,0,0,364,320.6,475.487,400.5,601.76,815.04,1299.72,5997.35,6994.4,372.3,440,67.7,541.55,1163
2026-09-05T09:31:57.052257000Z,2026-09-05T09:32:07.052549600Z,event,1480800,150,1,150000,feed,1498800,1480800,15300,0.98799,0,9870,4,100,0,19774,0,0,384,319.9,472.728,400,579.7,805.9,1131.8,6232.2,8108,371.6,439.9,68.3,542.35,165000
2026-09-05T09:31:57.052257000Z,2026-09-05T09:32:07.052549600Z,event-quote,375136,38,1,150000,feed,379696,375136,3876,0.98799,0,9870,4,100,0,19774,0,0,384,319.9,472.678,400,579.7,805.9,1131.8,6232.2,8108,371.6,439.9,68.3,542.35,41800
2026-09-05T09:31:57.052257000Z,2026-09-05T09:32:07.052549600Z,event-trade,375136,38,1,150000,feed,379696,375136,3876,0.98799,0,9870,4,100,0,19774,0,0,384,319.9,472.678,400,579.7,805.9,1131.8,6232.2,8108,371.6,439.9,68.3,542.35,41800
2026-09-05T09:31:57.052257000Z,2026-09-05T09:32:07.052549600Z,event-trade-eth,365264,37,1,150000,feed,369704,365264,3774,0.98799,0,9870,4,100,0,19774,0,0,384,319.9,472.694,400,579.7,805.9,1131.8,6232.2,8108,371.6,439.9,68.3,542.35,40700
2026-09-05T09:31:57.052257000Z,2026-09-05T09:32:07.052549600Z,event-summary,365264,37,1,150000,feed,369704,365264,3774,0.98799,0,9870,4,100,0,19774,0,0,384,319.9,472.866,400,579.7,805.9,1131.8,6232.2,8108,371.6,439.9,68.3,542.35,40700
2026-09-05T09:31:57.052257000Z,2026-09-05T09:32:07.052549600Z,batch,9874,1,1,150000,feed,1498800,1480800,15300,0.98799,0,9870,4,100,0,19774,0,0,384,319.9,473.675,400.2,581.97,806.035,1152.85,6188.46,8108,371.7,440.6,68.9,543.95,1099
2026-09-05T09:32:07.052549600Z,2026-09-05T09:32:17.064300600Z,event,1481400,150,1,150000,feed,1500150,1481100,19500,0.987301,0,9872,4,128,750,19786,0,0,377,317.8,472.198,399.4,579.8,812.9,1146.8,6304.3,7233.7,372.2,434.825,62.625,528.763,172650
2026-09-05T09:32:07.052549600Z,2026-09-05T09:32:17.064300600Z,event-quote,375288,38,1,150000,feed,380038,375212,4940,0.987301,0,9872,4,128,750,19786,0,0,377,317.8,472.08,399.4,579.8,812.9,1146.8,6304.3,7233.7,372.2,434.825,62.625,528.763,43738
2026-09-05T09:32:07.052549600Z,2026-09-05T09:32:17.064300600Z,event-trade,375288,38,1,150000,feed,380038,375212,4940,0.987301,0,9872,4,128,750,19786,0,0,377,317.8,472.2,399.4,579.8,812.9,1146.8,6304.3,7233.7,372.2,434.825,62.625,528.763,43738
2026-09-05T09:32:07.052549600Z,2026-09-05T09:32:17.064300600Z,event-trade-eth,365412,37,1,150000,feed,370037,365338,4810,0.987301,0,9872,4,128,750,19786,0,0,377,317.8,472.21,399.4,579.8,812.9,1146.8,6304.3,7233.7,372.2,434.825,62.625,528.763,42587
2026-09-05T09:32:07.052549600Z,2026-09-05T09:32:17.064300600Z,event-summary,365412,37,1,150000,feed,370037,365338,4810,0.987301,0,9872,4,128,750,19786,0,0,377,317.8,472.306,399.4,579.8,812.9,1153.9,6304.3,7233.7,372.2,434.825,62.625,528.763,42587
2026-09-05T09:32:07.052549600Z,2026-09-05T09:32:17.064300600Z,batch,9876,1,1,150000,feed,1500150,1481100,19500,0.987301,0,9872,4,128,750,19786,0,0,377,317.8,472.785,399.5,583.45,813.025,1148.58,6276.74,7233.7,372.2,435.3,63.1,529.95,1149
2026-09-05T09:32:17.064300600Z,2026-09-05T09:32:27.054039800Z,event,1477800,150,1,150000,feed,1496700,1478253,17473,0.987675,76,9850,9,112,447,19738,0,0,384,324.1,479.784,408.15,578.7,826.7,1169.9,6452.3,8264.6,379.3,451.625,72.325,560.112,158550
2026-09-05T09:32:17.064300600Z,2026-09-05T09:32:27.054039800Z,event-quote,374376,38,1,150000,feed,379164,374493,4443,0.987681,38,9850,9,112,447,19738,0,0,384,324.1,479.707,408.15,578.7,826.7,1169.9,6452.3,8264.6,379.3,451.625,72.325,560.112,40166
2026-09-05T09:32:17.064300600Z,2026-09-05T09:32:27.054039800Z,event-trade,374376,38,1,150000,feed,379164,374490,4446,0.987673,38,9850,9,112,447,19738,0,0,384,324.1,479.811,408.15,578.7,826.7,1169.9,6452.3,8264.6,379.3,451.625,72.325,560.112,40166
2026-09-05T09:32:17.064300600Z,2026-09-05T09:32:27.054039800Z,event-trade-eth,364524,37,1,150000,feed,369186,364635,4292,0.987673,0,9850,9,112,447,19738,0,0,384,324.1,479.811,408.15,578.7,826.7,1169.9,6452.3,8264.6,379.3,451.625,72.325,560.112,39109
2026-09-05T09:32:17.064300600Z,2026-09-05T09:32:27.054039800Z,event-summary,364524,37,1,150000,feed,369186,364635,4292,0.987673,0,9850,9,112,447,19738,0,0,384,324.1,479.811,408.15,578.7,826.7,1169.9,6452.3,8264.6,379.3,451.625,72.325,560.112,39109
2026-09-05T09:32:17.064300600Z,2026-09-05T09:32:27.054039800Z,batch,9859,1,1,150000,feed,1496700,1478253,17473,0.987675,76,9850,9,112,447,19738,0,0,384,324.1,481.679,408.3,580.54,829.91,1234.19,6446.72,8264.6,379.4,451.9,72.5,560.65,1062
2026-09-05T09:32:27.054039800Z,2026-09-05T09:32:37.009697100Z,event,1474050,150,1,150000,feed,1490550,1474350,17850,0.989132,0,9827,4,117,300,19683,0,0,374,314.9,497.888,441.8,583.9,785.8,1142,6722.7,8768.3,398.9,500,101.1,651.65,102750
2026-09-05T09:32:27.054039800Z,2026-09-05T09:32:37.009697100Z,event-quote,373426,38,1,150000,feed,377606,373502,4522,0.989132,0,9827,4,117,300,19683,0,0,374,314.9,497.888,441.8,583.9,785.8,1142,6722.7,8768.3,398.9,500,101.1,651.65,26030
2026-09-05T09:32:27.054039800Z,2026-09-05T09:32:37.009697100Z,event-trade,373426,38,1,150000,feed,377606,373502,4522,0.989132,0,9827,4,117,300,19683,0,0,374,314.9,497.888,441.8,583.9,785.8,1142,6722.7,8768.3,398.9,500,101.1,651.65,26030
2026-09-05T09:32:27.054039800Z,2026-09-05T09:32:37.009697100Z,event-trade-eth,363599,37,1,150000,feed,367669,363673,4403,0.989132,0,9827,4,117,300,19683,0,0,374,314.9,497.888,441.8,583.9,785.8,1142,6722.7,8768.3,398.9,500,101.1,651.65,25345
2026-09-05T09:32:27.054039800Z,2026-09-05T09:32:37.009697100Z,event-summary,363599,37,1,150000,feed,367669,363673,4403,0.989132,0,9827,4,117,300,19683,0,0,374,314.9,497.888,441.8,583.9,785.8,1142,6722.7,8768.3,398.9,500,101.1,651.65,25345
2026-09-05T09:32:27.054039800Z,2026-09-05T09:32:37.009697100Z,batch,9831,1,1,150000,feed,1490550,1474350,17850,0.989132,0,9827,4,117,300,19683,0,0,374,314.9,499.49,441.9,585.8,789.75,1162.48,6718.55,8768.3,399,500.3,101.3,652.25,690
2026-09-05T09:32:37.009697100Z,2026-09-05T09:32:47.043320000Z,event,1485450,150,1,150000,feed,1503300,1484850,18865,0.987727,115,9895,6,123,150,19829,0,0,371,315.7,485.244,416.6,577.9,828,1179.5,6412.7,7756.9,385.3,468.6,83.3,593.55,138958
2026-09-05T09:32:37.009697100Z,2026-09-05T09:32:47.043320000Z,event-quote,376314,38,1,150000,feed,380836,376162,4788,0.987727,38,9895,6,123,150,19829,0,0,371,315.7,485.043,416.6,577.8,827.6,1177.3,6412.7,7756.9,385.3,468.6,83.3,593.55,35188
2026-09-05T09:32:37.009697100Z,2026-09-05T09:32:47.043320000Z,event-trade,376314,38,1,150000,feed,380836,376162,4788,0.987727,38,9895,6,123,150,19829,0,0,371,315.7,485.171,416.6,577.8,827.6,1179.5,6412.7,7756.9,385.3,468.6,83.3,593.55,35188
2026-09-05T09:32:37.009697100Z,2026-09-05T09:32:47.043320000Z,event-trade-eth,366411,37,1,150000,feed,370814,366263,4662,0.987727,37,9895,6,123,150,19829,0,0,371,315.7,485.366,416.6,577.9,828,1190,6412.7,7756.9,385.3,468.6,83.3,593.55,34283
2026-09-05T09:32:37.009697100Z,2026-09-05T09:32:47.043320000Z,event-summary,366411,37,1,150000,feed,370814,366263,4627,0.987727,2,9895,6,123,150,19829,0,0,371,315.7,485.402,416.6,577.9,828,1190,6412.7,7756.9,385.3,468.6,83.3,593.55,34299
2026-09-05T09:32:37.009697100Z,2026-09-05T09:32:47.043320000Z,batch,9901,1,1,150000,feed,1503300,1484850,18865,0.987727,115,9895,6,123,150,19829,0,0,371,315.7,485.302,416.9,577.9,827.6,1190,6368.6,7756.9,385.4,469.1,83.7,594.65,921
2026-09-05T09:32:47.043320000Z,2026-09-05T09:32:57.049134500Z,event,1478700,150,1,150000,feed,1498800,1478550,18900,0.986489,0,9855,4,124,450,19759,0,0,381,325.8,477.613,403.1,600,829.4,1230.9,6177,7672.3,375.1,445.3,70.2,550.6,169350
2026-09-05T09:32:47.043320000Z,2026-09-05T09:32:57.049134500Z,event-quote,374604,38,1,150000,feed,379696,374566,4788,0.986489,0,9855,4,124,450,19759,0,0,381,325.8,477.534,403.1,600,829.4,1230.9,6177,7672.3,375.1,445.3,70.2,550.6,42902
2026-09-05T09:32:47.043320000Z,2026-09-05T09:32:57.049134500Z,event-trade,374604,38,1,150000,feed,379696,374566,4788,0.986489,0,9855,4,124,450,19759,0,0,381,325.8,477.603,403.1,600,829.4,1230.9,6177,7672.3,375.1,445.3,70.2,550.6,42902
2026-09-05T09:32:47.043320000Z,2026-09-05T09:32:57.049134500Z,event-trade-eth,364746,37,1,150000,feed,369704,364709,4662,0.986489,0,9855,4,124,450,19759,0,0,381,325.8,477.64,403.1,600,829.4,1230.9,6177,7672.3,375.1,445.3,70.2,550.6,41773
2026-09-05T09:32:47.043320000Z,2026-09-05T09:32:57.049134500Z,event-summary,364746,37,1,150000,feed,369704,364709,4662,0.986489,0,9855,4,124,450,19759,0,0,381,325.8,477.676,403.1,600,829.4,1230.9,6177,7672.3,375.1,445.3,70.2,550.6,41773
2026-09-05T09:32:47.043320000Z,2026-09-05T09:32:57.049134500Z,batch,9859,1,1,150000,feed,1498800,1478550,18900,0.986489,0,9855,4,124,450,19759,0,0,381,325.8,478.328,403.2,600.5,830.08,1246.42,6119.69,7672.3,375.3,445.8,70.5,551.55,1131
2026-09-05T09:32:57.049134500Z,2026-09-05T09:33:07.035777200Z,event,1477500,150,1,150000,feed,1496400,1477200,16950,0.987169,0,9848,0,113,450,19730,0,0,393,325.1,481.592,406,593.14,826.4,1275.6,6179.5,6943.2,377.1,450.2,73.1,559.85,163650
2026-09-05T09:32:57.049134500Z,2026-09-05T09:33:07.035777200Z,event-quote,374300,38,1,150000,feed,379088,374224,4294,0.987169,0,9848,0,113,450,19730,0,0,393,325.1,481.516,406,593.14,826.4,1275.6,6179.5,6943.2,377.1,450.2,73.1,559.85,41458
2026-09-05T09:32:57.049134500Z,2026-09-05T09:33:07.035777200Z,event-trade,374300,38,1,150000,feed,379088,374224,4294,0.987169,0,9848,0,113,450,19730,0,0,393,325.1,481.57,406,593.14,826.4,1275.6,6179.5,6943.2,377.1,450.2,73.1,559.85,41458
2026-09-05T09:32:57.049134500Z,2026-09-05T09:33:07.035777200Z,event-trade-eth,364450,37,1,150000,feed,369112,364376,4181,0.987169,0,9848,0,113,450,19730,0,0,393,325.1,481.613,406,593.14,826.4,1275.6,6179.5,6943.2,377.1,450.2,73.1,559.85,40367
2026-09-05T09:32:57.049134500Z,2026-09-05T09:33:07.035777200Z,event-summary,364450,37,1,150000,feed,369112,364376,4181,0.987169,0,9848,0,113,450,19730,0,0,393,325.1,481.671,406,593.14,826.4,1275.6,6179.5,6943.2,377.1,450.2,73.1,559.85,40367
2026-09-05T09:32:57.049134500Z,2026-09-05T09:33:07.035777200Z,batch,9848,1,1,150000,feed,1496400,1477200,16950,0.987169,0,9848,0,113,450,19730,0,0,393,325.1,481.063,406.2,594.5,825.03,1250.31,6114.03,6943.2,377.2,450.7,73.5,560.95,1093
2026-09-05T09:33:07.035777200Z,2026-09-05T09:33:17.036717200Z,event,1479300,150,1,150000,feed,1498200,1479450,17546,0.987485,146,9855,12,112,0,19755,0,0,404,320.4,473.662,401.1,571.6,819.6,1188.5,5949.4,6478.5,377,436.3,59.3,525.25,170550
2026-09-05T09:33:07.035777200Z,2026-09-05T09:33:17.036717200Z,event-quote,374756,38,1,150000,feed,379544,374794,4484,0.987485,76,9855,12,112,0,19755,0,0,404,320.4,473.53,401.1,571.4,819.3,1188.5,5949.4,6478.5,377,436.3,59.3,525.25,43206
2026-09-05T09:33:07.035777200Z,2026-09-05T09:33:17.036717200Z,event-trade,374756,38,1,150000,feed,379544,374794,4462,0.987485,54,9855,12,112,0,19755,0,0,404,320.4,473.653,401.1,571.4,819.3,1188.5,5949.4,6478.5,377,436.3,59.3,525.25,43206
2026-09-05T09:33:07.035777200Z,2026-09-05T09:33:17.036717200Z,event-trade-eth,364894,37,1,150000,feed,369556,364931,4308,0.987485,16,9855,12,112,0,19755,0,0,404,320.4,473.693,401.1,571.6,819.6,1193.6,5949.4,6478.5,377,436.3,59.3,525.25,42069
2026-09-05T09:33:07.035777200Z,2026-09-05T09:33:17.036717200Z,event-summary,364894,37,1,150000,feed,369556,364931,4292,0.987485,0,9855,12,112,0,19755,0,0,404,320.4,473.778,401.1,571.6,819.6,1193.6,5949.4,6478.5,377,436.3,59.3,525.25,42069
2026-09-05T09:33:07.035777200Z,2026-09-05T09:33:17.036717200Z,batch,9867,1,1,150000,feed,1498200,1479450,17546,0.987485,146,9855,12,112,0,19755,0,0,404,320.4,475.246,401.1,574.4,822.25,1238.04,5941.26,6478.5,377.3,436.8,59.5,526.05,1145
2026-09-05T09:33:17.036717200Z,2026-09-05T09:33:27.076101000Z,event,1485600,150,1,150000,feed,1503300,1485750,20850,0.988326,0,9902,6,136,600,19841,0,0,381,321.4,467.635,402.2,544.7,788.3,1135.1,6152.1,9035.1,373.5,438.025,64.525,534.812,154800
2026-09-05T09:33:17.036717200Z,2026-09-05T09:33:27.076101000Z,event-quote,376352,38,1,150000,feed,380836,376390,5282,0.988326,0,9902,6,136,600,19841,0,0,381,321.4,467.525,402.2,544.7,788.3,1135.1,6152.1,9035.1,373.5,438.025,64.525,534.812,39216
2026-09-05T09:33:17.036717200Z,2026-09-05T09:33:27.076101000Z,event-trade,376352,38,1,150000,feed,380836,376390,5282,0.988326,0,9902,6,136,600,19841,0,0,381,321.4,467.567,402.2,544.7,788.3,1135.1,6152.1,9035.1,373.5,438.025,64.525,534.812,39216
2026-09-05T09:33:17.036717200Z,2026-09-05T09:33:27.076101000Z,event-trade-eth,366448,37,1,150000,feed,370814,366485,5143,0.988326,0,9902,6,136,600,19841,0,0,381,321.4,467.724,402.2,544.7,788.3,1135.1,6152.1,9035.1,373.5,438.025,64.525,534.812,38184
2026-09-05T09:33:17.036717200Z,2026-09-05T09:33:27.076101000Z,event-summary,366448,37,1,150000,feed,370814,366485,5143,0.988326,0,9902,6,136,600,19841,0,0,381,321.4,467.727,402.2,544.7,788.3,1135.1,6152.1,9035.1,373.5,438.025,64.525,534.812,38184
2026-09-05T09:33:17.036717200Z,2026-09-05T09:33:27.076101000Z,batch,9908,1,1,150000,feed,1503300,1485750,20850,0.988326,0,9902,6,136,600,19841,0,0,381,321.4,469.213,402.5,547.59,790.865,1171.5,6139.67,9035.1,373.6,438.6,65,536.1,1047
2026-09-05T09:33:27.076101000Z,2026-09-05T09:33:37.070758700Z,event,1478700,150,1,150000,feed,1497450,1478250,18600,0.987178,0,9853,4,122,0,19745,0,0,387,323,480.596,410.6,569.4,831.9,1187.4,6298.6,7321.5,381.8,453.7,71.9,561.55,152239
2026-09-05T09:33:27.076101000Z,2026-09-05T09:33:37.070758700Z,event-quote,374604,38,1,150000,feed,379354,374490,4712,0.987178,0,9853,4,122,0,19745,0,0,387,323,480.513,410.6,568.8,831.6,1187.4,6298.6,7321.5,381.8,453.7,71.9,561.55,38559
2026-09-05T09:33:27.076101000Z,2026-09-05T09:33:37.070758700Z,event-trade,374604,38,1,150000,feed,379354,374490,4712,0.987178,0,9853,4,122,0,19745,0,0,387,323,480.523,410.65,569.4,831.9,1187.4,6298.6,7321.5,381.8,453.7,71.9,561.55,38570
2026-09-05T09:33:27.076101000Z,2026-09-05T09:33:37.070758700Z,event-trade-eth,364746,37,1,150000,feed,369371,364635,4588,0.987178,0,9853,4,122,0,19745,0,0,387,323,480.61,410.65,569.4,831.9,1188.8,6298.6,7321.5,381.8,453.7,71.9,561.55,37555
2026-09-05T09:33:27.076101000Z,2026-09-05T09:33:37.070758700Z,event-summary,364746,37,1,150000,feed,369371,364635,4588,0.987178,0,9853,4,122,0,19745,0,0,387,323,480.743,410.65,569.4,831.9,1188.8,6298.6,7321.5,381.8,453.7,71.9,561.55,37555
2026-09-05T09:33:27.076101000Z,2026-09-05T09:33:37.070758700Z,batch,9857,1,1,150000,feed,1497450,1478250,18600,0.987178,0,9853,4,122,0,19745,0,0,387,323,481.506,410.8,571.76,832.26,1187.57,6260.17,7321.5,382,454.4,72.4,563,1018
2026-09-05T09:33:37.070758700Z,2026-09-05T09:33:47.030138000Z,event,1473750,150,1,150000,feed,1491450,1474200,18599,0.988434,149,9821,11,119,300,19676,0,0,378,314.3,519.753,453.5,610.9,835.6,1263.3,6622.9,7950.9,404.4,522.1,117.7,698.65,106950
2026-09-05T09:33:37.070758700Z,2026-09-05T09:33:47.030138000Z,event-quote,373350,38,1,150000,feed,377834,373464,4712,0.988434,38,9821,11,119,300,19676,0,0,378,314.3,519.638,453.5,610.9,835.6,1263.3,6622.9,7950.9,404.4,522.1,117.7,698.65,27094
2026-09-05T09:33:37.070758700Z,2026-09-05T09:33:47.030138000Z,event-trade,373350,38,1,150000,feed,377834,373464,4712,0.988434,38,9821,11,119,300,19676,0,0,378,314.3,519.711,453.5,610.9,835.6,1263.3,6622.9,7950.9,404.4,522.1,117.7,698.65,27094
2026-09-05T09:33:37.070758700Z,2026-09-05T09:33:47.030138000Z,event-trade-eth,363525,37,1,150000,feed,367891,363636,4587,0.988434,36,9821,11,119,300,19676,0,0,378,314.3,519.74,453.5,610.9,835.6,1263.3,6622.9,7950.9,404.4,522.1,117.7,698.65,26381
2026-09-05T09:33:37.070758700Z,2026-09-05T09:33:47.030138000Z,event-summary,363525,37,1,150000,feed,367891,363636,4588,0.988434,37,9821,11,119,300,19676,0,0,378,314.3,519.928,453.5,610.9,835.6,1263.3,6622.9,7950.9,404.4,522.1,117.7,698.65,26381
2026-09-05T09:33:37.070758700Z,2026-09-05T09:33:47.030138000Z,batch,9832,1,1,150000,feed,1491450,1474200,18599,0.988434,149,9821,11,119,300,19676,0,0,378,314.3,521.962,454.1,612.07,840.635,1331.15,6586.59,7950.9,404.6,522.9,118.3,700.35,722
2026-09-05T09:33:47.030138000Z,2026-09-05T09:33:57.031295400Z,event,1480650,150,1,150000,feed,1497750,1480200,17700,0.988282,0,9866,4,116,450,19765,0,0,375,324.5,521.628,476.7,614.8,804.5,1212.6,6391.4,7919.8,411.8,540.2,128.4,732.8,93928
2026-09-05T09:33:47.030138000Z,2026-09-05T09:33:57.031295400Z,event-quote,375098,38,1,150000,feed,379430,374984,4484,0.988282,0,9866,4,116,450,19765,0,0,375,324.5,521.447,476.7,614.7,804.5,1212.6,6391.4,7919.8,411.8,540.2,128.4,732.8,23788
2026-09-05T09:33:47.030138000Z,2026-09-05T09:33:57.031295400Z,event-trade,375098,38,1,150000,feed,379430,374984,4484,0.988282,0,9866,4,116,450,19765,0,0,375,324.5,521.594,476.7,614.7,804.5,1212.6,6391.4,7919.8,411.8,540.2,128.4,732.8,23788
2026-09-05T09:33:47.030138000Z,2026-09-05T09:33:57.031295400Z,event-trade-eth,365227,37,1,150000,feed,369445,365116,4366,0.988282,0,9866,4,116,450,19765,0,0,375,324.5,521.7,476.7,614.7,804.5,1212.6,6391.4,7919.8,411.8,540.2,128.4,732.8,23162
2026-09-05T09:33:47.030138000Z,2026-09-05T09:33:57.031295400Z,event-summary,365227,37,1,150000,feed,369445,365116,4366,0.988282,0,9866,4,116,450,19765,0,0,375,324.5,521.777,476.7,614.8,804.7,1215.2,6391.4,7919.8,411.8,540.2,128.4,732.8,23190
2026-09-05T09:33:47.030138000Z,2026-09-05T09:33:57.031295400Z,batch,9870,1,1,150000,feed,1497750,1480200,17700,0.988282,0,9866,4,116,450,19765,0,0,375,324.5,522.22,477,616.51,807.96,1215.23,6243.5,7919.8,412.1,540.3,128.2,732.6,630
2026-09-05T09:33:57.031295400Z,2026-09-05T09:34:07.025018400Z,event,1481400,150,1,150000,feed,1497150,1481550,18311,0.98958,11,9873,6,120,150,19778,0,0,359,318.9,464.156,404.2,544.4,780.9,1120.1,5849.8,7122.8,375,443.025,68.025,545.062,148050
2026-09-05T09:33:57.031295400Z,2026-09-05T09:34:07.025018400Z,event-quote,375288,38,1,150000,feed,379278,375326,4647,0.98958,11,9873,6,120,150,19778,0,0,359,318.9,464.079,404.2,544.4,780.9,1120.1,5849.8,7122.8,375,443.025,68.025,545.062,37506
2026-09-05T09:33:57.031295400Z,2026-09-05T09:34:07.025018400Z,event-trade,375288,38,1,150000,feed,379278,375326,4636,0.98958,0,9873,6,120,150,19778,0,0,359,318.9,464.161,404.2,544.4,780.9,1120.1,5849.8,7122.8,375,443.025,68.025,545.062,37506
2026-09-05T09:33:57.031295400Z,2026-09-05T09:34:07.025018400Z,event-trade-eth,365412,37,1,150000,feed,369297,365449,4514,0.98958,0,9873,6,120,150,19778,0,0,359,318.9,464.18,404.2,544.4,780.9,1120.1,5849.8,7122.8,375,443.025,68.025,545.062,36519
2026-09-05T09:33:57.031295400Z,2026-09-05T09:34:07.025018400Z,event-summary,365412,37,1,150000,feed,369297,365449,4514,0.98958,0,9873,6,120,150,19778,0,0,359,318.9,464.204,404.2,544.4,780.9,1120.1,5849.8,7122.8,375,443.025,68.025,545.062,36519
2026-09-05T09:33:57.031295400Z,2026-09-05T09:34:07.025018400Z,batch,9879,1,1,150000,feed,1497150,1481550,18311,0.98958,11,9873,6,120,150,19778,0,0,359,318.9,466.015,404.5,545.9,781.77,1122.06,5857.47,7122.8,375.1,443.6,68.5,546.35,987
2026-09-05T09:34:07.025018400Z,2026-09-05T09:34:17.078688700Z,event,1489350,150,1,150000,feed,1506600,1489350,18900,0.98855,0,9924,10,121,300,19885,0,0,347,323.9,476.015,402.5,597.5,816.6,1251,6317,7154.9,374.8,441.2,66.4,540.8,173850
2026-09-05T09:34:07.025018400Z,2026-09-05T09:34:17.078688700Z,event-quote,377302,38,1,150000,feed,381672,377302,4788,0.98855,0,9924,10,121,300,19885,0,0,347,323.9,475.826,402.5,597.5,816.6,1229.5,6317,7154.9,374.8,441.2,66.4,540.8,44042
2026-09-05T09:34:07.025018400Z,2026-09-05T09:34:17.078688700Z,event-trade,377302,38,1,150000,feed,381672,377302,4788,0.98855,0,9924,10,121,300,19885,0,0,347,323.9,475.985,402.5,597.5,816.6,1251,6317,7154.9,374.8,441.2,66.4,540.8,44042
2026-09-05T09:34:07.025018400Z,2026-09-05T09:34:17.078688700Z,event-trade-eth,367373,37,1,150000,feed,371628,367373,4662,0.98855,0,9924,10,121,300,19885,0,0,347,323.9,476.117,402.5,597.5,816.6,1251,6317,7154.9,374.8,441.2,66.4,540.8,42883
2026-09-05T09:34:07.025018400Z,2026-09-05T09:34:17.078688700Z,event-summary,367373,37,1,150000,feed,371628,367373,4662,0.98855,0,9924,10,121,300,19885,0,0,347,323.9,476.139,402.5,597.5,816.6,1251,6317,7154.9,374.8,441.2,66.4,540.8,42883
2026-09-05T09:34:07.025018400Z,2026-09-05T09:34:17.078688700Z,batch,9934,1,1,150000,feed,1506600,1489350,18900,0.98855,0,9924,10,121,300,19885,0,0,347,324.5,478.244,402.8,601.08,818.34,1281.38,6290.5,7154.9,375,442.175,67.175,542.938,1158
2026-09-05T09:34:17.078688700Z,2026-09-05T09:34:27.022049700Z,event,1472850,150,1,150000,feed,1489500,1473450,16472,0.989225,122,9818,8,106,150,19666,0,0,345,325.7,476.44,412,557.8,812.8,1149.3,6556.8,9636.7,387.6,451.2,63.6,546.6,155700
2026-09-05T09:34:17.078688700Z,2026-09-05T09:34:27.022049700Z,event-quote,373122,38,1,150000,feed,377340,373274,4180,0.989225,38,9818,8,106,150,19666,0,0,345,325.7,476.471,412,557.8,812.8,1149.3,6556.8,9636.7,387.6,451.2,63.6,546.6,39444
2026-09-05T09:34:17.078688700Z,2026-09-05T09:34:27.022049700Z,event-trade,373122,38,1,150000,feed,377340,373274,4180,0.989225,38,9818,8,106,150,19666,0,0,345,325.7,476.471,412,557.8,812.8,1149.3,6556.8,9636.7,387.6,451.2,63.6,546.6,39444
2026-09-05T09:34:17.078688700Z,2026-09-05T09:34:27.022049700Z,event-trade-eth,363303,37,1,150000,feed,367410,363451,4070,0.989225,37,9818,8,106,150,19666,0,0,345,325.7,476.444,412,557.8,812.8,1149.3,6556.8,9636.7,387.6,451.2,63.6,546.6,38406
2026-09-05T09:34:17.078688700Z,2026-09-05T09:34:27.022049700Z,event-summary,363303,37,1,150000,feed,367410,363451,4042,0.989225,9,9818,8,106,150,19666,0,0,345,325.7,476.37,412,557.8,812.8,1149.3,6556.8,9636.7,387.6,451.2,63.6,546.6,38406
2026-09-05T09:34:17.078688700Z,2026-09-05T09:34:27.022049700Z,batch,9826,1,1,150000,feed,1489500,1473450,16472,0.989225,122,9818,8,106,150,19666,0,0,345,325.7,479.269,412.3,563.2,818.175,1176.28,6464.07,9636.7,387.8,451.9,64.1,548.05,1058
2026-09-05T09:34:27.022049700Z,2026-09-05T09:34:36.989434600Z,event,1475250,150,1,150000,feed,1492800,1474800,15345,0.987942,45,9829,4,101,450,19695,0,0,360,323.6,491.325,423.5,579.6,835.5,1215.7,6562,8494.2,393.2,479.5,86.3,608.95,124350
2026-09-05T09:34:27.022049700Z,2026-09-05T09:34:36.989434600Z,event-quote,373730,38,1,150000,feed,378176,373616,3914,0.987942,38,9829,4,101,450,19695,0,0,360,323.6,491.27,423.5,579.6,835.5,1206.9,6562,8494.2,393.2,479.5,86.3,608.95,31502
2026-09-05T09:34:27.022049700Z,2026-09-05T09:34:36.989434600Z,event-trade,373730,38,1,150000,feed,378176,373616,3883,0.987942,7,9829,4,101,450,19695,0,0,360,323.6,491.228,423.5,579.6,835.5,1215.7,6562,8494.2,393.2,479.5,86.3,608.95,31502
2026-09-05T09:34:27.022049700Z,2026-09-05T09:34:36.989434600Z,event-trade-eth,363895,37,1,150000,feed,368224,363784,3774,0.987942,0,9829,4,101,450,19695,0,0,360,323.6,491.331,423.5,579.6,835.7,1215.7,6562,8494.2,393.2,479.5,86.3,608.95,30673
2026-09-05T09:34:27.022049700Z,2026-09-05T09:34:36.989434600Z,event-summary,363895,37,1,150000,feed,368224,363784,3774,0.987942,0,9829,4,101,450,19695,0,0,360,323.6,491.475,423.5,579.6,835.7,1216.3,6562,8494.2,393.2,479.5,86.3,608.95,30673
2026-09-05T09:34:27.022049700Z,2026-09-05T09:34:36.989434600Z,batch,9833,1,1,150000,feed,1492800,1474800,15345,0.987942,45,9829,4,101,450,19695,0,0,360,323.6,492.438,423.8,580.74,838.5,1212.88,6561.42,8494.2,393.4,480.2,86.8,610.4,825
2026-09-05T09:34:36.989434600Z,2026-09-05T09:34:47.079510700Z,event,1494450,150,1,150000,feed,1512150,1494600,17728,0.988394,28,9959,8,115,150,19957,0,0,360,323.3,473.55,404.7,564.2,820.5,1159.7,6339.5,7697.2,380.1,440,59.9,529.85,167698
2026-09-05T09:34:36.989434600Z,2026-09-05T09:34:47.079510700Z,event-quote,378594,38,1,150000,feed,383078,378632,4512,0.988394,28,9959,8,115,150,19957,0,0,360,323.3,473.434,404.7,564.2,820.5,1159.7,6339.5,7697.2,380.1,440,59.9,529.85,42482
2026-09-05T09:34:36.989434600Z,2026-09-05T09:34:47.079510700Z,event-trade,378594,38,1,150000,feed,383078,378632,4484,0.988394,0,9959,8,115,150,19957,0,0,360,323.3,473.524,404.7,564.2,820.5,1159.7,6339.5,7697.2,380.1,440,59.9,529.85,42484
2026-09-05T09:34:36.989434600Z,2026-09-05T09:34:47.079510700Z,event-trade-eth,368631,37,1,150000,feed,372997,368668,4366,0.988394,0,9959,8,115,150,19957,0,0,360,323.3,473.622,404.7,564.2,820.5,1159.7,6339.5,7697.2,380.1,440,59.9,529.85,41366
2026-09-05T09:34:36.989434600Z,2026-09-05T09:34:47.079510700Z,event-summary,368631,37,1,150000,feed,372997,368668,4366,0.988394,0,9959,8,115,150,19957,0,0,360,323.3,473.622,404.7,564.2,820.5,1159.7,6339.5,7697.2,380.1,440,59.9,529.85,41366
2026-09-05T09:34:36.989434600Z,2026-09-05T09:34:47.079510700Z,batch,9967,1,1,150000,feed,1512150,1494600,17728,0.988394,28,9959,8,115,150,19957,0,0,360,324.5,474.601,405,567.8,824.8,1190.99,6321.44,7697.2,380.3,440.65,60.35,531.175,1126
2026-09-05T09:34:47.079510700Z,2026-09-05T09:34:57.081413500Z,event,1478850,150,1,150000,feed,1497000,1478250,17550,0.987475,0,9854,2,116,150,19745,0,0,368,324.2,481.684,416.7,555.3,830,1183.7,6189.8,8058.4,391.4,457,65.6,555.4,147450
2026-09-05T09:34:47.079510700Z,2026-09-05T09:34:57.081413500Z,event-quote,374642,38,1,150000,feed,379240,374490,4446,0.987475,0,9854,2,116,150,19745,0,0,368,324.2,481.617,416.7,555.3,830,1171.5,6189.8,8058.4,391.4,457,65.6,555.4,37354
2026-09-05T09:34:47.079510700Z,2026-09-05T09:34:57.081413500Z,event-trade,374642,38,1,150000,feed,379240,374490,4446,0.987475,0,9854,2,116,150,19745,0,0,368,324.2,481.706,416.7,555.3,830,1183.7,6189.8,8058.4,391.4,457,65.6,555.4,37354
2026-09-05T09:34:47.079510700Z,2026-09-05T09:34:57.081413500Z,event-trade-eth,364783,37,1,150000,feed,369260,364635,4329,0.987475,0,9854,2,116,150,19745,0,0,368,324.2,481.706,416.7,555.3,830,1183.7,6189.8,8058.4,391.4,457,65.6,555.4,36371
2026-09-05T09:34:47.079510700Z,2026-09-05T09:34:57.081413500Z,event-summary,364783,37,1,150000,feed,369260,364635,4329,0.987475,0,9854,2,116,150,19745,0,0,368,324.2,481.706,416.7,555.3,830,1183.7,6189.8,8058.4,391.4,457,65.6,555.4,36371
2026-09-05T09:34:47.079510700Z,2026-09-05T09:34:57.081413500Z,batch,9856,1,1,150000,feed,1497000,1478250,17550,0.987475,0,9854,2,116,150,19745,0,0,368,324.2,481.446,417,555.75,828.325,1169.74,6172.7,8058.4,391.6,457.625,66.025,556.663,982
2026-09-05T09:34:57.081413500Z,2026-09-05T09:35:07.051330700Z,event,1475100,150,1,150000,feed,1493850,1475700,17569,0.98785,169,9832,8,114,0,19700,0,0,376,320.4,516.436,451.35,602.5,873.2,1222.7,6698.8,7601.7,404.6,514.7,110.1,679.85,116100
2026-09-05T09:34:57.081413500Z,2026-09-05T09:35:07.051330700Z,event-quote,373692,38,1,150000,feed,378442,373844,4484,0.98785,76,9832,8,114,0,19700,0,0,376,320.4,516.429,451.35,602.5,873.2,1222.7,6698.8,7601.7,404.6,514.7,110.1,679.85,29412
2026-09-05T09:34:57.081413500Z,2026-09-05T09:35:07.051330700Z,event-trade,373692,38,1,150000,feed,378442,373844,4466,0.98785,58,9832,8,114,0,19700,0,0,376,320.4,516.411,451.35,602.5,873.2,1222.7,6698.8,7601.7,404.6,514.7,110.1,679.85,29412
2026-09-05T09:34:57.081413500Z,2026-09-05T09:35:07.051330700Z,event-trade-eth,363858,37,1,150000,feed,368483,364006,4327,0.98785,35,9832,8,114,0,19700,0,0,376,320.4,516.468,451.35,602.5,873.2,1222.7,6707.3,7601.7,404.6,514.7,110.1,679.85,28638
2026-09-05T09:34:57.081413500Z,2026-09-05T09:35:07.051330700Z,event-summary,363858,37,1,150000,feed,368483,364006,4292,0.98785,0,9832,8,114,0,19700,0,0,376,320.4,516.438,451.35,602.5,873.2,1222.7,6707.3,7601.7,404.6,514.7,110.1,679.85,28638
2026-09-05T09:34:57.081413500Z,2026-09-05T09:35:07.051330700Z,batch,9840,1,1,150000,feed,1493850,1475700,17569,0.98785,169,9832,8,114,0,19700,0,0,376,320.4,517.147,451.6,603.45,877.105,1230.03,6472.52,7601.7,404.8,515.125,110.325,680.612,782
2026-09-05T09:35:07.051330700Z,2026-09-05T09:35:17.064304500Z,event,1479150,150,1,150000,feed,1499100,1479000,16952,0.986592,2,9856,6,111,300,19753,0,0,396,324.4,518.045,442.1,608.3,882.2,1271.4,6635.9,8179.1,403.8,505.9,102.1,659.05,130500
2026-09-05T09:35:07.051330700Z,2026-09-05T09:35:17.064304500Z,event-quote,374718,38,1,150000,feed,379772,374680,4296,0.986592,2,9856,6,111,300,19753,0,0,396,324.4,517.968,442.1,608.3,882.2,1265.4,6635.9,8179.1,403.8,505.9,102.1,659.05,33060
2026-09-05T09:35:07.051330700Z,2026-09-05T09:35:17.064304500Z,event-trade,374718,38,1,150000,feed,379772,374680,4294,0.986592,0,9856,6,111,300,19753,0,0,396,324.4,518.069,442.1,608.3,882.2,1271.4,6635.9,8179.1,403.8,505.9,102.1,659.05,33060
2026-09-05T09:35:07.051330700Z,2026-09-05T09:35:17.064304500Z,event-trade-eth,364857,37,1,150000,feed,369778,364820,4181,0.986592,0,9856,6,111,300,19753,0,0,396,324.4,518.069,442.1,608.3,882.2,1271.4,6635.9,8179.1,403.8,505.9,102.1,659.05,32190
2026-09-05T09:35:07.051330700Z,2026-09-05T09:35:17.064304500Z,event-summary,364857,37,1,150000,feed,369778,364820,4181,0.986592,0,9856,6,111,300,19753,0,0,396,324.4,518.074,442.1,608.3,882.2,1271.4,6635.9,8179.1,403.8,505.9,102.1,659.05,32190
2026-09-05T09:35:07.051330700Z,2026-09-05T09:35:17.064304500Z,batch,9862,1,1,150000,feed,1499100,1479000,16952,0.986592,2,9856,6,111,300,19753,0,0,396,324.4,518.901,442.5,610.39,883.455,1273.54,6573.99,8179.1,404,506.5,102.5,660.25,871
2026-09-05T09:35:17.064304500Z,2026-09-05T09:35:27.080419400Z,event,1483650,150,1,150000,feed,1500900,1483650,18166,0.988507,16,9886,8,118,150,19814,0,0,392,326.4,474.141,408,556.2,818.6,1130.4,6211.4,8919,383.3,443.2,59.9,533.05,164032
2026-09-05T09:35:17.064304500Z,2026-09-05T09:35:27.080419400Z,event-quote,375858,38,1,150000,feed,380228,375858,4614,0.988507,16,9886,8,118,150,19814,0,0,392,326.4,474.043,408,555.8,818.6,1130.4,6211.4,8919,383.3,443.2,59.9,533.05,41534
2026-09-05T09:35:17.064304500Z,2026-09-05T09:35:27.080419400Z,event-trade,375858,38,1,150000,feed,380228,375858,4598,0.988507,0,9886,8,118,150,19814,0,0,392,326.4,474.142,408,556.2,818.6,1130.4,6211.4,8919,383.3,443.2,59.9,533.05,41542
2026-09-05T09:35:17.064304500Z,2026-09-05T09:35:27.080419400Z,event-trade-eth,365967,37,1,150000,feed,370222,365967,4477,0.988507,0,9886,8,118,150,19814,0,0,392,326.4,474.159,408,556.2,818.9,1132.5,6211.4,8919,383.3,443.2,59.9,533.05,40478
2026-09-05T09:35:17.064304500Z,2026-09-05T09:35:27.080419400Z,event-summary,365967,37,1,150000,feed,370222,365967,4477,0.988507,0,9886,8,118,150,19814,0,0,392,326.4,474.224,408,556.2,818.9,1132.5,6211.4,8919,383.3,443.2,59.9,533.05,40478
2026-09-05T09:35:17.064304500Z,2026-09-05T09:35:27.080419400Z,batch,9894,1,1,150000,feed,1500900,1483650,18166,0.988507,16,9886,8,118,150,19814,0,0,392,326.4,475.84,408.15,559.76,820.54,1137.96,6174.34,8919,383.4,443.7,60.3,534.15,1097
2026-09-05T09:35:27.080419400Z,2026-09-05T09:35:37.055242000Z,event,1475100,150,1,150000,feed,1494600,1474950,19050,0.986853,0,9831,4,125,450,19704,0,0,396,317.4,485.756,409.8,593.2,826.6,1214.5,6622.2,7456.3,381.7,451.1,69.4,555.2,164850
2026-09-05T09:35:27.080419400Z,2026-09-05T09:35:37.055242000Z,event-quote,373692,38,1,150000,feed,378632,373654,4826,0.986853,0,9831,4,125,450,19704,0,0,396,317.4,485.683,409.8,593.2,826.2,1207.86,6622.2,7456.3,381.7,451.1,69.4,555.2,41762
2026-09-05T09:35:27.080419400Z,2026-09-05T09:35:37.055242000Z,event-trade,373692,38,1,150000,feed,378632,373654,4826,0.986853,0,9831,4,125,450,19704,0,0,396,317.4,485.75,409.8,593.2,826.6,1214.5,6622.2,7456.3,381.7,451.1,69.4,555.2,41762
2026-09-05T09:35:27.080419400Z,2026-09-05T09:35:37.055242000Z,event-trade-eth,363858,37,1,150000,feed,368668,363821,4699,0.986853,0,9831,4,125,450,19704,0,0,396,317.4,485.75,409.8,593.2,826.6,1214.5,6622.2,7456.3,381.7,451.1,69.4,555.2,40663
2026-09-05T09:35:27.080419400Z,2026-09-05T09:35:37.055242000Z,event-summary,363858,37,1,150000,feed,368668,363821,4699,0.986853,0,9831,4,125,450,19704,0,0,396,317.4,485.844,409.8,593.2,826.6,1214.5,6622.2,7456.3,381.7,451.1,69.4,555.2,40663
2026-09-05T09:35:27.080419400Z,2026-09-05T09:35:37.055242000Z,batch,9835,1,1,150000,feed,1494600,1474950,19050,0.986853,0,9831,4,125,450,19704,0,0,396,323.8,487.188,410,594.86,827.19,1235.54,6624.76,7456.3,381.8,451.8,70,556.8,1100
2026-09-05T09:35:37.055242000Z,2026-09-05T09:35:38.808705100Z,event,162000,150,1,150000,feed,164250,163950,58765,0.998174,115,1080,20,384,1050,2169,0,0,0,340.3,501.778,422.8,635.34,833.32,1216.7,6276.4,6662.8,406.3,457.975,51.675,535.487,21150
2026-09-05T09:35:37.055242000Z,2026-09-05T09:35:38.808705100Z,event-quote,41040,38,1,150000,feed,41610,41534,14943,0.998174,85,1080,20,384,1050,2169,0,0,0,340.3,501.778,422.8,635.34,833.32,1216.7,6276.4,6662.8,406.3,457.975,51.675,535.487,5358
2026-09-05T09:35:37.055242000Z,2026-09-05T09:35:38.808705100Z,event-trade,41040,38,1,150000,feed,41610,41534,14888,0.998174,30,1080,20,384,1050,2169,0,0,0,340.3,501.778,422.8,635.34,833.32,1216.7,6276.4,6662.8,406.3,457.975,51.675,535.487,5358
2026-09-05T09:35:37.055242000Z,2026-09-05T09:35:38.808705100Z,event-trade-eth,39960,37,1,150000,feed,40515,40441,14467,0.998174,0,1080,20,384,1050,2169,0,0,0,340.3,501.778,422.8,635.34,833.32,1216.7,6276.4,6662.8,406.3,457.975,51.675,535.487,5217
2026-09-05T09:35:37.055242000Z,2026-09-05T09:35:38.808705100Z,event-summary,39960,37,1,150000,feed,40515,40441,14467,0.998174,0,1080,20,384,1050,2169,0,0,0,340.3,501.778,422.8,635.34,833.32,1216.7,6276.4,6662.8,406.3,457.975,51.675,535.487,5217
2026-09-05T09:35:37.055242000Z,2026-09-05T09:35:38.808705100Z,batch,1100,1,1,150000,feed,164250,163950,58765,0.998174,115,1080,20,384,1050,2169,0,0,0,340.3,535.153,423.55,706.59,893.965,3018.8,6272.55,6662.8,406.8,463.05,56.25,547.425,158
2026-09-05T09:25:36.978980500Z,2026-09-05T09:35:38.808705100Z,event-total,88969841,150,1,150000,feed,90040800,88969841,1073651,0.988106,2692,592918,358,6996,17209,1188034,0,0,0,308.7,485.681,413.1,596.4,825.7,1224.2,6382.1,11919.2,382.6,466.7,84.1,592.85,9021286
2026-09-05T09:25:36.978980500Z,2026-09-05T09:35:38.808705100Z,event-quote-total,22539166,38,1,150000,feed,22810336,22539166,272257,0.988112,1087,592918,358,6996,17209,1188034,0,0,0,308.7,485.62,413.1,596.4,825.7,1223.6,6380.9,11919.2,382.6,466.7,84.1,592.85,2285379
2026-09-05T09:25:36.978980500Z,2026-09-05T09:35:38.808705100Z,event-trade-total,22539074,38,1,150000,feed,22810336,22539074,272093,0.988108,831,592918,358,6996,17209,1188034,0,0,0,308.7,485.663,413.1,596.4,825.7,1223.8,6380.9,11919.2,382.6,466.7,84.1,592.85,2285366
2026-09-05T09:25:36.978980500Z,2026-09-05T09:35:38.808705100Z,event-trade-eth-total,21945852,37,1,150000,feed,22210064,21945852,264779,0.988104,567,592918,358,6996,17209,1188034,0,0,0,308.7,485.7,413.1,596.4,825.7,1224.4,6386.9,11919.2,382.6,466.7,84.1,592.85,2225251
2026-09-05T09:25:36.978980500Z,2026-09-05T09:35:38.808705100Z,event-summary-total,21945749,37,1,150000,feed,22210064,21945749,264522,0.988099,207,592918,358,6996,17209,1188034,0,0,0,308.7,485.743,413.1,596.4,825.7,1225.4,6386.9,11919.2,382.6,466.7,84.1,592.85,2225290
2026-09-05T09:25:36.978980500Z,2026-09-05T09:35:38.808705100Z,batch-total,593276,1,1,150000,feed,90040800,88969841,1073651,0.988106,2692,592918,358,6996,17209,1188034,0,0,0,308.7,486.902,413.4,598.4,827.4,1243,6390.9,11919.2,382.8,467.5,84.7,594.55,60205
