window_start_utc,window_end_utc,sample_kind,samples,expected_per_batch,publish_period_ms,nominal_events_per_second,callbacks,clock_anomalies,missing_batches,pending_batches,min_us,mean_us,p50_us,p90_us,p95_us,p99_us,p999_us,max_us,q1_us,q3_us,iqr_us,outlier_threshold_us,outliers
2026-09-04T17:45:16.651201700Z,2026-09-04T17:45:26.700457400Z,event,1485000,15000,100,150000,3925,0,0,0,13586,30114.6,29825.5,38446.6,41542.5,46411.4,55222.8,56541.9,25389.9,34531,9141.1,48242.7,7898
2026-09-04T17:45:16.651201700Z,2026-09-04T17:45:26.700457400Z,event-quote,495000,5000,100,150000,3925,0,0,0,13586,24916,24738.2,31872.4,34028.2,36553,39025,39441.8,21786.5,27461,5674.5,35972.8,8614
2026-09-04T17:45:16.651201700Z,2026-09-04T17:45:26.700457400Z,event-trade,495000,5000,100,150000,3925,0,0,0,17712.4,30314.9,30051.7,37741.7,39876.1,42957.4,52231.8,52745.9,27143.3,32998.8,5855.5,41782.1,9784
2026-09-04T17:45:16.651201700Z,2026-09-04T17:45:26.700457400Z,event-summary,495000,5000,100,150000,3925,0,0,0,21787,35112.8,34831.1,42661.6,44941.7,50095.5,56205.4,56541.9,31669.4,37933.7,6264.3,47330.2,9525
2026-09-04T17:45:16.651201700Z,2026-09-04T17:45:26.700457400Z,batch,99,1,100,150000,3925,0,0,0,26900.8,37470.2,37120.1,44478.8,46694.4,50816.5,55969.4,56541.9,34335.7,39607.2,5271.55,47514.6,4
2026-09-04T17:45:26.700457400Z,2026-09-04T17:45:36.694875900Z,event,1500000,15000,100,150000,3956,0,0,0,13851.5,30095.3,29649.2,39302.4,42569.4,47145.4,53509.1,54543.1,25110.6,34556.3,9445.7,48724.8,5436
2026-09-04T17:45:26.700457400Z,2026-09-04T17:45:36.694875900Z,event-quote,500000,5000,100,150000,3956,0,0,0,13851.5,25048.7,24441.4,33305.8,35077.8,36632.2,38061.8,44002.8,21374.1,27963.1,6589,37846.6,648
2026-09-04T17:45:26.700457400Z,2026-09-04T17:45:36.694875900Z,event-trade,500000,5000,100,150000,3956,0,0,0,18591.7,30234.4,29535.4,38916.1,40658.7,43674.9,48564.5,49753.5,26257.8,33162.9,6905.1,43520.6,5182
2026-09-04T17:45:26.700457400Z,2026-09-04T17:45:36.694875900Z,event-summary,500000,5000,100,150000,3956,0,0,0,22684.3,35002.7,34257.8,43730.3,45666.9,48785.9,54543.1,54543.1,30862.1,38265.9,7403.8,49371.6,4598
2026-09-04T17:45:26.700457400Z,2026-09-04T17:45:36.694875900Z,batch,100,1,100,150000,3956,0,0,0,28148,37404.9,36464.2,46397.1,47004.3,49073.8,53996.2,54543.1,33595.1,40205.2,6610.15,50120.4,1
2026-09-04T17:45:36.694875900Z,2026-09-04T17:45:46.657185000Z,event,1500000,15000,100,150000,3946,0,0,0,13242.9,30257.6,29834.9,38524.5,42644.5,48694.3,57419.4,58130.4,25359.3,34553.8,9194.5,48345.6,17861
2026-09-04T17:45:36.694875900Z,2026-09-04T17:45:46.657185000Z,event-quote,500000,5000,100,150000,3946,0,0,0,13242.9,25152.1,24704.8,33531.6,35713.8,38415.9,40193,48683.2,22208.7,27205.8,4997.1,34701.4,37278
2026-09-04T17:45:36.694875900Z,2026-09-04T17:45:46.657185000Z,event-trade,500000,5000,100,150000,3946,0,0,0,17352.2,30461.2,29861.8,38968.2,41404.5,45690.3,53827.6,54111.6,27373.9,32404.3,5030.4,39949.9,40625
2026-09-04T17:45:36.694875900Z,2026-09-04T17:45:46.657185000Z,event-summary,500000,5000,100,150000,3946,0,0,0,22222.8,35159.5,34622.6,43846.6,46182.2,50636.9,57895.5,58130.4,31890.8,37292,5401.2,45393.8,32995
2026-09-04T17:45:36.694875900Z,2026-09-04T17:45:46.657185000Z,batch,100,1,100,150000,3946,0,0,0,27513.3,37480.6,36960.7,45863.9,48585.7,50693.2,57386.7,58130.4,34773.1,38821.5,4048.38,44894.1,13
2026-09-04T17:45:46.657185000Z,2026-09-04T17:45:56.685707200Z,event,1500000,15000,100,150000,4084,0,0,0,13415.9,29343.8,28949,38380.5,41872.6,47302.3,52074.7,53190,24246.7,33872.8,9626.1,48311.9,8074
2026-09-04T17:45:46.657185000Z,2026-09-04T17:45:56.685707200Z,event-quote,500000,5000,100,150000,4084,0,0,0,13415.9,24324.8,23846.9,32980.1,35376.3,39207.2,42482.4,42750,20220.3,27129.1,6908.8,37492.3,8978
2026-09-04T17:45:46.657185000Z,2026-09-04T17:45:56.685707200Z,event-trade,500000,5000,100,150000,4084,0,0,0,17270.3,29572.2,29121,38254.6,40586.5,45359.7,48242.2,48242.2,25410.1,32491.7,7081.6,43114.1,8893
2026-09-04T17:45:46.657185000Z,2026-09-04T17:45:56.685707200Z,event-summary,500000,5000,100,150000,4084,0,0,0,21794.9,34134.5,33632.2,42677.1,45507.1,50159.6,53190,53190,30000.4,37027.1,7026.7,47567.2,11091
2026-09-04T17:45:46.657185000Z,2026-09-04T17:45:56.685707200Z,batch,100,1,100,150000,4084,0,0,0,27234.9,36469.6,36078.2,45296.2,47218.1,51033.1,52974.3,53190,32327.6,38806.9,6479.35,48526,2
2026-09-04T17:45:56.685707200Z,2026-09-04T17:46:06.679014700Z,event,1500000,15000,100,150000,4056,0,0,0,13324.9,30109.4,29752.7,39018.2,42833.4,49195.4,56269.2,57352,25125.2,34296.2,9171,48052.7,17579
2026-09-04T17:45:56.685707200Z,2026-09-04T17:46:06.679014700Z,event-quote,500000,5000,100,150000,4056,0,0,0,13324.9,25141.6,24538.9,33719.5,35291.3,37213.1,46010.5,46464.8,21719.7,27409.8,5690.1,35944.9,14920
2026-09-04T17:45:56.685707200Z,2026-09-04T17:46:06.679014700Z,event-trade,500000,5000,100,150000,4056,0,0,0,17338.6,30311.5,29627,39109.6,40853,48391.6,52635.2,52635.2,26660.1,32430.9,5770.8,41087.1,21902
2026-09-04T17:45:56.685707200Z,2026-09-04T17:46:06.679014700Z,event-summary,500000,5000,100,150000,4056,0,0,0,22200.8,34875.2,34023.8,43578.7,45480.3,54421.7,57352,57352,31269.7,37019.5,5749.8,45644.2,24271
2026-09-04T17:45:56.685707200Z,2026-09-04T17:46:06.679014700Z,batch,100,1,100,150000,4056,0,0,0,27595.4,37234.8,36220.3,45978.7,47579.4,56647.9,57281.6,57352,34291.2,38833.9,4542.73,45648,14
2026-09-04T17:46:06.679014700Z,2026-09-04T17:46:16.726401000Z,event,1500000,15000,100,150000,4110,0,0,1,13672.2,30091.1,29541.5,39790.9,43321.1,48141.4,53990,55214.4,24947.1,34533.9,9586.8,48914.1,11124
2026-09-04T17:46:06.679014700Z,2026-09-04T17:46:16.726401000Z,event-quote,500000,5000,100,150000,4110,0,0,1,13672.2,24972.9,24365.2,33734.7,35657.8,37847.2,39178.8,43258.3,21191.8,27479.9,6288.1,36912.1,10110
2026-09-04T17:46:06.679014700Z,2026-09-04T17:46:16.726401000Z,event-trade,500000,5000,100,150000,4110,0,0,1,17704.6,30301.9,29494.1,39588,41470.3,45481.2,50254.4,50524.6,26278.5,33078.5,6800,43278.5,11172
2026-09-04T17:46:06.679014700Z,2026-09-04T17:46:16.726401000Z,event-summary,500000,5000,100,150000,4110,0,0,1,22503.1,34998.5,34159,44205.1,46218.8,52223.6,54967,55214.4,30800.1,37854.4,7054.3,48435.8,11358
2026-09-04T17:46:06.679014700Z,2026-09-04T17:46:16.726401000Z,batch,100,1,100,150000,4110,0,0,1,27655.7,37285,36350.2,46523.4,48054.6,53222,55015.2,55214.4,33093.2,39871.2,6778.05,50038.3,2
2026-09-04T17:46:16.726401000Z,2026-09-04T17:46:26.745342200Z,event,1515000,15000,100,150000,4182,0,0,0,13167.8,29705.5,29284.7,38972.8,42461.8,47601.2,55999.4,57277.2,24563.9,34276.9,9713,48846.4,8066
2026-09-04T17:46:16.726401000Z,2026-09-04T17:46:26.745342200Z,event-quote,505000,5000,100,150000,4182,0,0,0,13167.8,24690.1,24150.7,33369.7,36042.4,38012.3,39718.2,39718.2,20710.5,27658.3,6947.8,38080,4646
2026-09-04T17:46:16.726401000Z,2026-09-04T17:46:26.745342200Z,event-trade,505000,5000,100,150000,4182,0,0,0,17329.7,29785.9,29285.6,38693,41038.1,43369,53079.2,53079.2,25865.8,32828.6,6962.8,43272.8,5571
2026-09-04T17:46:16.726401000Z,2026-09-04T17:46:26.745342200Z,event-summary,505000,5000,100,150000,4182,0,0,0,21487.9,34640.3,33915.8,43737.3,46411.9,50469.9,56905.5,57277.2,30603.8,37687,7083.2,48311.8,9280
2026-09-04T17:46:16.726401000Z,2026-09-04T17:46:26.745342200Z,batch,101,1,100,150000,4182,0,0,0,26284.9,37012.3,36274.5,47008.2,48344.2,50719.4,56621.4,57277.2,33233.3,39878,6644.7,49845.1,2
2026-09-04T17:46:26.745342200Z,2026-09-04T17:46:36.740616100Z,event,1500000,15000,100,150000,4106,0,0,0,13434.5,29803.5,29707.5,37838.8,40551.4,44667.3,46030,46551.3,25230,33935.3,8705.3,46993.2,0
2026-09-04T17:46:26.745342200Z,2026-09-04T17:46:36.740616100Z,event-quote,500000,5000,100,150000,4106,0,0,0,13434.5,24823.4,24478,31870.6,33731.2,35675.2,37346.9,37723.8,22025.2,27110.9,5085.7,34739.4,12936
2026-09-04T17:46:26.745342200Z,2026-09-04T17:46:36.740616100Z,event-trade,500000,5000,100,150000,4106,0,0,0,17839.7,29979.7,29657.6,37227,38797.7,40495.7,41950,42926.2,27035.4,32417.5,5382.1,40490.7,5168
2026-09-04T17:46:26.745342200Z,2026-09-04T17:46:36.740616100Z,event-summary,500000,5000,100,150000,4106,0,0,0,22234.1,34607.3,34162.9,42011.2,43582,45556.9,46240,46551.3,31605.9,37125.2,5519.3,45404.2,6418
2026-09-04T17:46:26.745342200Z,2026-09-04T17:46:36.740616100Z,batch,100,1,100,150000,4106,0,0,0,27509.2,36870.5,36278.9,44431.6,45781.5,46513.9,46547.6,46551.3,34417.9,38886.9,4468.98,45590.4,6
2026-09-04T17:46:36.740616100Z,2026-09-04T17:46:46.680185500Z,event,1485000,15000,100,150000,4087,0,0,0,13058.1,29763.4,29315.5,38280.1,42345.7,47823.8,54373.2,55166.6,24824.3,33866,9041.7,47428.6,15878
2026-09-04T17:46:36.740616100Z,2026-09-04T17:46:46.680185500Z,event-quote,495000,5000,100,150000,4087,0,0,0,13058.1,24784.1,24094.6,32889.4,34977.5,37217.1,45700.6,45700.6,21421,26893.8,5472.8,35103,23250
2026-09-04T17:46:36.740616100Z,2026-09-04T17:46:46.680185500Z,event-trade,495000,5000,100,150000,4087,0,0,0,17316.1,29913.8,29233.9,38253.9,40200.4,45847.1,50072.5,50342.8,26365.1,32138.5,5773.4,40798.6,16904
2026-09-04T17:46:36.740616100Z,2026-09-04T17:46:46.680185500Z,event-summary,495000,5000,100,150000,4087,0,0,0,21484.1,34592.4,33762.6,43446.8,45536.8,52830.5,54950.1,55166.6,30971.7,36820.8,5849.1,45594.4,24354
2026-09-04T17:46:36.740616100Z,2026-09-04T17:46:46.680185500Z,batch,99,1,100,150000,4087,0,0,0,26449.9,36913.6,35872.7,45640.2,47411.9,54716.4,55121.6,55166.6,33795.7,38305.2,4509.55,45069.6,14
2026-09-04T17:46:46.680185500Z,2026-09-04T17:46:56.732338200Z,event,1515000,15000,100,150000,4217,0,0,0,13571.7,30282.6,30292.2,38575.6,41128.9,45520.1,48544.3,50056.9,25597.3,34758.4,9161.1,48500.1,2024
2026-09-04T17:46:46.680185500Z,2026-09-04T17:46:56.732338200Z,event-quote,505000,5000,100,150000,4217,0,0,0,13571.7,25262.2,24895.3,32380.5,34189.6,36988.5,38821.4,39100.9,22114.3,28085,5970.7,37041.1,4980
2026-09-04T17:46:46.680185500Z,2026-09-04T17:46:56.732338200Z,event-trade,505000,5000,100,150000,4217,0,0,0,18365.3,30493.9,30226.2,37680.2,39266.6,41845.8,44100.8,44820.2,27171.1,33636,6464.9,43333.3,1234
2026-09-04T17:46:46.680185500Z,2026-09-04T17:46:56.732338200Z,event-summary,505000,5000,100,150000,4217,0,0,0,22737.8,35091.7,34833.2,42137.3,43871.2,46634.8,49622,50056.9,31831,38156,6325,47643.5,3474
2026-09-04T17:46:46.680185500Z,2026-09-04T17:46:56.732338200Z,batch,101,1,100,150000,4217,0,0,0,28161.4,37405.5,36875.8,44458.9,46112.5,48294.5,49880.7,50056.9,34591.8,39933.5,5341.7,47946.1,2
2026-09-04T17:46:56.732338200Z,2026-09-04T17:47:06.733225400Z,event,1485000,15000,100,150000,4097,0,0,1,13707.6,30263.5,30075.2,38596.8,41997.7,46454.5,48878.4,49714.3,25445.5,34531.9,9086.4,48161.5,3190
2026-09-04T17:46:56.732338200Z,2026-09-04T17:47:06.733225400Z,event-quote,495000,5000,100,150000,4097,0,0,1,13707.6,25141.5,24680.9,32835.2,35312.2,37540.6,38865.2,38876.2,22327,27014.2,4687.2,34045,38614
2026-09-04T17:46:56.732338200Z,2026-09-04T17:47:06.733225400Z,event-trade,495000,5000,100,150000,4097,0,0,1,18114.8,30508.6,29972.6,38902.8,40755.6,42739.2,44586.6,44586.6,27440.9,32558.9,5118,40235.9,33256
2026-09-04T17:46:56.732338200Z,2026-09-04T17:47:06.733225400Z,event-summary,495000,5000,100,150000,4097,0,0,1,21961.3,35140.4,34643.1,43319.6,45799.2,47544.7,49329.4,49714.3,32182.2,37228.1,5045.9,44796.9,35177
2026-09-04T17:46:56.732338200Z,2026-09-04T17:47:06.733225400Z,batch,99,1,100,150000,4097,0,0,1,26786.5,37461.8,36448.2,46835.7,47406.5,49003.6,49643.2,49714.3,35279.3,39215.3,3936,45119.3,13
2026-09-04T17:47:06.733225400Z,2026-09-04T17:47:16.678679400Z,event,1500000,15000,100,150000,4167,0,0,0,15102.6,29728,29356.9,37822.4,41549.8,48834.6,56133.1,57439.4,24918.9,33879.5,8960.6,47320.4,20006
2026-09-04T17:47:06.733225400Z,2026-09-04T17:47:16.678679400Z,event-quote,500000,5000,100,150000,4167,0,0,0,15102.6,24679,24191.1,32292.9,34639.7,37570.8,45425.9,45762.2,21541.4,26656.9,5115.5,34330.2,27936
2026-09-04T17:47:06.733225400Z,2026-09-04T17:47:16.678679400Z,event-trade,500000,5000,100,150000,4167,0,0,0,18670.8,29917.6,29419,37617,39758.9,48728.4,51412,51686.2,26566.5,31932.7,5366.2,39982,23914
2026-09-04T17:47:06.733225400Z,2026-09-04T17:47:16.678679400Z,event-summary,500000,5000,100,150000,4167,0,0,0,23428.8,34587.3,34071.2,42227.8,44680.5,54496.8,57104.7,57439.4,31156,36794.1,5638.1,45251.2,20142
2026-09-04T17:47:06.733225400Z,2026-09-04T17:47:16.678679400Z,batch,100,1,100,150000,4167,0,0,0,28389.7,36889.6,36297.6,44461.8,46059.2,55523.5,57247.8,57439.4,34269.8,38543.2,4273.38,44953.2,10
2026-09-04T17:47:16.678679400Z,2026-09-04T17:47:26.662571700Z,event,1500000,15000,100,150000,4118,0,0,0,13786.5,30108.2,30003.6,38180.4,40930.3,45514.9,56454.2,57265.6,25409.6,34411.2,9001.6,47913.6,5764
2026-09-04T17:47:16.678679400Z,2026-09-04T17:47:26.662571700Z,event-quote,500000,5000,100,150000,4118,0,0,0,13786.5,25014.6,24641.7,32091,34138.9,36568.2,40159.1,40388.8,22013.8,27355.5,5341.7,35368.1,12592
2026-09-04T17:47:16.678679400Z,2026-09-04T17:47:26.662571700Z,event-trade,500000,5000,100,150000,4118,0,0,0,17535.5,30319.3,29973.9,37639.7,39329.7,41665.1,45986.8,46520.6,27156.5,32944.8,5788.3,41627.2,5852
2026-09-04T17:47:16.678679400Z,2026-09-04T17:47:26.662571700Z,event-summary,500000,5000,100,150000,4118,0,0,0,22233.4,34990.8,34625,42034.1,43978.9,48083.2,57025.1,57265.6,31898.4,37572.8,5674.4,46084.4,10117
2026-09-04T17:47:16.678679400Z,2026-09-04T17:47:26.662571700Z,batch,100,1,100,150000,4118,0,0,0,27431.6,37327.3,37121.3,44008.9,46060.6,50536.6,56592.7,57265.6,34611.2,39309.7,4698.55,46357.5,5
2026-09-04T17:47:26.662571700Z,2026-09-04T17:47:36.651858300Z,event,1500000,15000,100,150000,4167,0,0,0,13494.1,29280.3,29263.6,37097.8,39444.2,44028.6,46247.9,46923.3,24884.5,33528.4,8643.9,46494.2,594
2026-09-04T17:47:26.662571700Z,2026-09-04T17:47:36.651858300Z,event-quote,500000,5000,100,150000,4167,0,0,0,13494.1,24331.8,24187.1,30290.9,32692,35350.9,36982.6,37294.4,21405.7,26869.9,5464.2,35066.2,6296
2026-09-04T17:47:26.662571700Z,2026-09-04T17:47:36.651858300Z,event-trade,500000,5000,100,150000,4167,0,0,0,17623.1,29460.9,29460.5,35524.7,37973.2,40644.4,41632.5,41871.5,26386.8,32235,5848.2,41007.3,3589
2026-09-04T17:47:26.662571700Z,2026-09-04T17:47:36.651858300Z,event-summary,500000,5000,100,150000,4167,0,0,0,21994.7,34048,33834.7,40375.4,42766.2,45389.5,46923.3,46923.3,30947.8,36803.4,5855.6,45586.8,4090
2026-09-04T17:47:26.662571700Z,2026-09-04T17:47:36.651858300Z,batch,100,1,100,150000,4167,0,0,0,27207.7,36334,36252.2,42322.4,45087.2,46444.6,46875.4,46923.3,33540.5,38886.6,5346.05,46905.6,1
2026-09-04T17:47:36.651858300Z,2026-09-04T17:47:46.757653200Z,event,1515000,15000,100,150000,4215,0,0,0,13394.7,30000.5,29642.4,38570.7,42321.4,47608.8,55979.8,57037,25108.5,34382.8,9274.3,48294.2,13329
2026-09-04T17:47:36.651858300Z,2026-09-04T17:47:46.757653200Z,event-quote,505000,5000,100,150000,4215,0,0,0,13394.7,24916.5,24756.7,32912.1,34925.2,36928,39433.1,39742.8,21301.8,27501.1,6199.3,36800.1,5294
2026-09-04T17:47:36.651858300Z,2026-09-04T17:47:46.757653200Z,event-trade,505000,5000,100,150000,4215,0,0,0,17673,30176.9,29917.8,38294.7,40603.8,43165.3,51601.4,51800.1,26498.3,32682.1,6183.8,41957.8,12749
2026-09-04T17:47:36.651858300Z,2026-09-04T17:47:46.757653200Z,event-summary,505000,5000,100,150000,4215,0,0,0,21932.2,34907.9,34382.8,43468.4,45495.1,52914.6,57037,57037,31108.3,37432.5,6324.2,46918.8,15468
2026-09-04T17:47:36.651858300Z,2026-09-04T17:47:46.757653200Z,batch,101,1,100,150000,4215,0,0,0,26844.9,37412.1,36998.8,45938.5,48882,53813.3,56714.6,57037,34025.9,38951.4,4925.5,46339.7,10
2026-09-04T17:47:46.757653200Z,2026-09-04T17:47:56.731023300Z,event,1500000,15000,100,150000,4179,0,0,0,13638.8,29821.9,29643.6,38192,41158.1,44630.1,46964.8,47478.9,25137.1,34252.6,9115.5,47925.8,0
2026-09-04T17:47:46.757653200Z,2026-09-04T17:47:56.731023300Z,event-quote,500000,5000,100,150000,4179,0,0,0,13638.8,24826.2,24584,32014.5,33922.5,36210.2,37626.9,37820.3,21670.3,27365.9,5695.6,35909.3,7622
2026-09-04T17:47:46.757653200Z,2026-09-04T17:47:56.731023300Z,event-trade,500000,5000,100,150000,4179,0,0,0,16816.9,30005.4,29839.9,37327.7,38980.6,41683,42679.3,43047.9,26605.7,32847,6241.3,42208.9,2088
2026-09-04T17:47:46.757653200Z,2026-09-04T17:47:56.731023300Z,event-summary,500000,5000,100,150000,4179,0,0,0,21759.7,34634.2,34470.6,42154.9,43710.3,45894.9,47170.7,47478.9,31195.7,37676.2,6480.5,47396.9,305
2026-09-04T17:47:46.757653200Z,2026-09-04T17:47:56.731023300Z,batch,100,1,100,150000,4179,0,0,0,27325.8,36923.9,36848.5,43882.1,45720.2,47385,47469.5,47478.9,33441.9,39486.6,6044.65,48553.5,0
2026-09-04T17:47:56.731023300Z,2026-09-04T17:48:06.698626400Z,event,1485000,15000,100,150000,4167,0,0,0,14072.7,30152.8,29766.4,39246.1,42286.5,45933,48828.4,50017.3,25212.1,34666.4,9454.3,48847.8,1452
2026-09-04T17:47:56.731023300Z,2026-09-04T17:48:06.698626400Z,event-quote,495000,5000,100,150000,4167,0,0,0,14072.7,25142.9,24737.8,33565.5,35450.3,37559.4,39241.1,39546.3,21511.9,27647.4,6135.5,36850.7,8624
2026-09-04T17:47:56.731023300Z,2026-09-04T17:48:06.698626400Z,event-trade,495000,5000,100,150000,4167,0,0,0,18259.3,30328.2,29921.3,38824.9,40496.2,42544.6,44093.8,44383.9,26542.3,33110.8,6568.5,42963.6,3559
2026-09-04T17:47:56.731023300Z,2026-09-04T17:48:06.698626400Z,event-summary,495000,5000,100,150000,4167,0,0,0,22452.5,34987.3,34469,43354.3,45219.9,47667.2,49654.5,50017.3,31188,37960.8,6772.8,48120,3496
2026-09-04T17:47:56.731023300Z,2026-09-04T17:48:06.698626400Z,batch,99,1,100,150000,4167,0,0,0,27627.1,37272,36658.1,45720.5,46653.7,48626.6,49878.2,50017.3,33783.4,39654.7,5871.3,48461.7,3
2026-09-04T17:48:06.698626400Z,2026-09-04T17:48:16.700034900Z,event,1500000,15000,100,150000,4118,0,0,0,13049.4,30020,29654.8,38723.7,42208.9,46410.2,48403.6,49253.5,25160.3,34481.2,9320.9,48462.6,1164
2026-09-04T17:48:06.698626400Z,2026-09-04T17:48:16.700034900Z,event-quote,500000,5000,100,150000,4118,0,0,0,13049.4,24889.9,24455,33199,35694.7,37939,39661.5,40095.8,21415.7,27159.6,5743.9,35775.4,24262
2026-09-04T17:48:06.698626400Z,2026-09-04T17:48:16.700034900Z,event-trade,500000,5000,100,150000,4118,0,0,0,18330.5,30268.6,29696,39025.8,40975.9,43172.4,44765.4,45045.9,26858.5,32682.7,5824.2,41419,19807
2026-09-04T17:48:06.698626400Z,2026-09-04T17:48:16.700034900Z,event-summary,500000,5000,100,150000,4118,0,0,0,23219.9,34901.4,34409.9,43531.6,45471.5,47504.2,48892.5,49253.5,31604.8,37275.4,5670.6,45781.3,22264
2026-09-04T17:48:06.698626400Z,2026-09-04T17:48:16.700034900Z,batch,100,1,100,150000,4118,0,0,0,28070.9,37163.1,36847,46000.9,47405.5,48209.6,49149.1,49253.5,34270.2,38908.8,4638.65,45866.8,11
2026-09-04T17:48:16.700034900Z,2026-09-04T17:48:28.562563600Z,event,1515000,15000,100,150000,4102,0,0,0,13975.5,30506.9,30274.9,38601,41662.5,47065.6,54919,56140.5,25867.6,34695.4,8827.8,47937.1,12504
2026-09-04T17:48:16.700034900Z,2026-09-04T17:48:28.562563600Z,event-quote,505000,5000,100,150000,4102,0,0,0,13975.5,25361.8,25200.1,31644.3,34590.3,38108.1,45889.5,46181.2,22529.3,27579.8,5050.5,35155.6,20090
2026-09-04T17:48:16.700034900Z,2026-09-04T17:48:28.562563600Z,event-trade,505000,5000,100,150000,4102,0,0,0,18485.1,30758.4,30378.9,37903,40673.9,45369.9,51011,51302.6,27722.2,33123.2,5401,41224.7,19936
2026-09-04T17:48:16.700034900Z,2026-09-04T17:48:28.562563600Z,event-summary,505000,5000,100,150000,4102,0,0,0,22802.3,35400.4,35124.5,42340.6,45078,49299.9,55817.7,56140.5,32532.6,37780.6,5248,45652.6,18305
2026-09-04T17:48:16.700034900Z,2026-09-04T17:48:28.562563600Z,batch,101,1,100,150000,4102,0,0,0,27834.3,37704.5,37326.8,45196.8,46863.4,49600.3,55486.5,56140.5,35040.3,39486,4445.7,46154.6,6
2026-09-04T17:48:28.562563600Z,2026-09-04T17:48:38.517419200Z,event,1485000,15000,100,150000,3961,0,0,0,14675,30129.8,29784.5,38581.6,41758.4,45621.8,48739.8,50180.4,25338.7,34563.1,9224.4,48399.7,2024
2026-09-04T17:48:28.562563600Z,2026-09-04T17:48:38.517419200Z,event-quote,495000,5000,100,150000,3961,0,0,0,14675,25114.1,24566.1,32838.5,35251.6,37993.7,41102.1,41102.1,21915.7,27249,5333.3,35248.9,24940
2026-09-04T17:48:28.562563600Z,2026-09-04T17:48:38.517419200Z,event-trade,495000,5000,100,150000,3961,0,0,0,19229.3,30293.9,29793.3,38195.8,40181.3,42657.3,46029.1,46029.1,26996.9,32669.5,5672.6,41178.4,14303
2026-09-04T17:48:28.562563600Z,2026-09-04T17:48:38.517419200Z,event-summary,495000,5000,100,150000,3961,0,0,0,23814.8,34981.4,34674.7,42833.9,44887.5,47482.6,49599.3,50180.4,31678.8,37581.9,5903.1,46436.6,9834
2026-09-04T17:48:28.562563600Z,2026-09-04T17:48:38.517419200Z,batch,99,1,100,150000,3961,0,0,0,28590.1,37281.7,36578.3,45177.1,46372.1,48335.1,49995.9,50180.4,34229.3,39300.2,5070.8,46906.3,4
2026-09-04T17:48:38.517419200Z,2026-09-04T17:48:48.521266100Z,event,1500000,15000,100,150000,4171,0,0,0,13600.5,30997.3,30511.1,40577.7,44307.1,50867.3,56968.6,58189.1,25782.1,35568.1,9786,50247.1,17410
2026-09-04T17:48:38.517419200Z,2026-09-04T17:48:48.521266100Z,event-quote,500000,5000,100,150000,4171,0,0,0,13600.5,25945.4,25285.4,34899.4,36595.4,41903.1,47548.6,48017.5,21873.3,28982.7,7109.4,39646.8,7986
2026-09-04T17:48:38.517419200Z,2026-09-04T17:48:48.521266100Z,event-trade,500000,5000,100,150000,4171,0,0,0,18277.4,31196.2,30331.6,40200.2,41952.6,49771.8,53107.3,53360.7,27090.7,34189.3,7098.6,44837.2,11653
2026-09-04T17:48:38.517419200Z,2026-09-04T17:48:48.521266100Z,event-summary,500000,5000,100,150000,4171,0,0,0,22495.7,35850.2,35109,44833.2,46832.5,55681.2,57835.6,58189.1,31669.3,38826,7156.7,49561.1,14619
2026-09-04T17:48:38.517419200Z,2026-09-04T17:48:48.521266100Z,batch,100,1,100,150000,4171,0,0,0,27795.2,38099.2,37258.3,46890.3,47823.2,56835.2,58053.7,58189.1,33909.3,39964.2,6054.82,49046.4,4
2026-09-04T17:48:48.521266100Z,2026-09-04T17:48:58.524177700Z,event,1500000,15000,100,150000,4111,0,0,0,14646.2,30860,30506.2,39311,42199.2,47149.8,49995.1,51207.8,26135.5,35097.8,8962.3,48541.2,10405
2026-09-04T17:48:48.521266100Z,2026-09-04T17:48:58.524177700Z,event-quote,500000,5000,100,150000,4111,0,0,0,14646.2,25828.8,25339.2,32810.4,35678,39092.8,40837.5,41123,22623.4,28292.4,5669,36795.9,16964
2026-09-04T17:48:48.521266100Z,2026-09-04T17:48:58.524177700Z,event-trade,500000,5000,100,150000,4111,0,0,0,18772.3,31021.6,30417,38465.5,41006.1,44312.5,46809.5,46809.5,27567.9,33770.9,6203,43075.4,12238
2026-09-04T17:48:48.521266100Z,2026-09-04T17:48:58.524177700Z,event-summary,500000,5000,100,150000,4111,0,0,0,23489.4,35729.6,35170.6,43126,45561.6,49347.5,50796.5,51207.8,32320.5,38383.2,6062.7,47477.2,14410
2026-09-04T17:48:48.521266100Z,2026-09-04T17:48:58.524177700Z,batch,100,1,100,150000,4111,0,0,0,29439,38085.2,37607.7,45354.6,47206.1,50020.9,51089.1,51207.8,34832,40645.6,5813.55,49365.9,5
2026-09-04T17:48:58.524177700Z,2026-09-04T17:49:08.562189600Z,event,1500000,15000,100,150000,4093,0,0,1,13200.4,30729.9,30305.8,39062.5,43161.5,49910,53790,54723.9,25906.7,34645.9,8739.2,47754.7,24888
2026-09-04T17:48:58.524177700Z,2026-09-04T17:49:08.562189600Z,event-quote,500000,5000,100,150000,4093,0,0,1,13200.4,25664.6,24930.9,33412.6,35709.3,39768.7,44581.2,44581.2,22619,27606.8,4987.8,35088.5,31610
2026-09-04T17:48:58.524177700Z,2026-09-04T17:49:08.562189600Z,event-trade,500000,5000,100,150000,4093,0,0,1,18036.1,30902.6,30098.7,38874.1,41424.7,47342.8,49962.9,49962.9,27659.1,32837.1,5178,40604.1,29683
2026-09-04T17:48:58.524177700Z,2026-09-04T17:49:08.562189600Z,event-summary,500000,5000,100,150000,4093,0,0,1,22475.7,35622.6,34629.1,43942.9,47197.1,52896.9,54294.4,54723.9,32130.9,37714.4,5583.5,46089.7,33056
2026-09-04T17:48:58.524177700Z,2026-09-04T17:49:08.562189600Z,batch,100,1,100,150000,4093,0,0,1,27161.3,37944.6,36706.2,45919.6,48519.9,54126,54664.1,54723.9,34744.2,38905.3,4161.1,45147,12
2026-09-04T17:49:08.562189600Z,2026-09-04T17:49:18.493830400Z,event,1500000,15000,100,150000,4027,0,0,0,13585.8,29663.2,29335.3,38602.4,41484.6,45546.3,48187.9,49400.4,24891.1,34341.2,9450.1,48516.3,878
2026-09-04T17:49:08.562189600Z,2026-09-04T17:49:18.493830400Z,event-quote,500000,5000,100,150000,4027,0,0,0,13585.8,24644.1,24823.1,31834.7,34038,36626.2,38295.9,38423.7,20734.6,27659.1,6924.5,38045.8,982
2026-09-04T17:49:08.562189600Z,2026-09-04T17:49:18.493830400Z,event-trade,500000,5000,100,150000,4027,0,0,0,16924.4,29816.5,29952.8,38107.4,39702.2,42464.4,44057.6,44595.5,25688.4,33010,7321.6,43992.4,1204
2026-09-04T17:49:08.562189600Z,2026-09-04T17:49:18.493830400Z,event-summary,500000,5000,100,150000,4027,0,0,0,21995.7,34529.1,34590.6,42759.6,44355.7,47366.3,49025.7,49400.4,30187.7,37719.1,7531.4,49016.2,878
2026-09-04T17:49:08.562189600Z,2026-09-04T17:49:18.493830400Z,batch,100,1,100,150000,4027,0,0,0,26667.4,36860.5,37144.6,44568.7,46509.1,48335.7,49293.9,49400.4,32304.7,39627.8,7323.15,50612.6,0
2026-09-04T17:49:18.493830400Z,2026-09-04T17:49:28.528055800Z,event,1500000,15000,100,150000,4118,0,0,0,13656.8,29192.6,28733.5,38206.4,41366.7,47263,54535.9,55633,24256,33693,9437,47848.5,12119
2026-09-04T17:49:18.493830400Z,2026-09-04T17:49:28.528055800Z,event-quote,500000,5000,100,150000,4118,0,0,0,13656.8,24225.3,23988.5,32558.5,34564.3,36710,37876.3,38167.1,19946.8,27103.4,7156.6,37838.3,658
2026-09-04T17:49:18.493830400Z,2026-09-04T17:49:28.528055800Z,event-trade,500000,5000,100,150000,4118,0,0,0,17745.4,29363.1,29122,37715.6,39656,42699.7,50443.1,50643.7,24924.6,32314.6,7390,43399.6,4031
2026-09-04T17:49:18.493830400Z,2026-09-04T17:49:28.528055800Z,event-summary,500000,5000,100,150000,4118,0,0,0,22011.7,33989.4,33505.6,42718.4,45156.8,50359,55328,55633,29317.6,37142.3,7824.7,48879.3,7332
2026-09-04T17:49:18.493830400Z,2026-09-04T17:49:28.528055800Z,batch,100,1,100,150000,4118,0,0,0,26793.9,36289.3,36277.1,44856.2,47376.2,50409.1,55110.6,55633,31649.2,38940.9,7291.73,49878.5,2
2026-09-04T17:49:28.528055800Z,2026-09-04T17:49:38.505961500Z,event,1500000,15000,100,150000,4053,0,0,0,13510.2,30731.4,30146.1,40831.4,44134.6,50578.5,58730.3,59930.2,25438.6,35040.7,9602.1,49443.8,18421
2026-09-04T17:49:28.528055800Z,2026-09-04T17:49:38.505961500Z,event-quote,500000,5000,100,150000,4053,0,0,0,13510.2,25634.7,24566.3,34084.4,36305.3,44014.7,50183.2,50183.2,21692.2,28385.2,6692.95,38424.6,11296
2026-09-04T17:49:28.528055800Z,2026-09-04T17:49:38.505961500Z,event-trade,500000,5000,100,150000,4053,0,0,0,18436.8,30863,29796.5,39880.3,42370.1,49832.7,54405.8,54725.3,26684.1,33741,7056.9,44326.3,12505
2026-09-04T17:49:28.528055800Z,2026-09-04T17:49:38.505961500Z,event-summary,500000,5000,100,150000,4053,0,0,0,23485.7,35696.4,34621.9,44880.8,46999.3,54098.2,59930.2,59930.2,31279.2,38964.9,7685.7,50493.4,10477
2026-09-04T17:49:28.528055800Z,2026-09-04T17:49:38.505961500Z,batch,100,1,100,150000,4053,0,0,0,28394.3,38114.4,36799.6,46841.5,49004.7,54153.5,59352.5,59930.2,34327,41848.3,7521.25,53130.2,2
2026-09-04T17:49:38.505961500Z,2026-09-04T17:49:48.532947400Z,event,1500000,15000,100,150000,4050,0,0,0,13711.7,30383.7,30034.2,39452.9,42608.6,47701.2,54189.2,55099.1,25382.9,34914.8,9531.9,49212.7,7498
2026-09-04T17:49:38.505961500Z,2026-09-04T17:49:48.532947400Z,event-quote,500000,5000,100,150000,4050,0,0,0,13711.7,25397.1,24852.3,33580.3,35713.5,38166,45990.5,45990.5,21711.6,28089.6,6378,37656.6,7632
2026-09-04T17:49:38.505961500Z,2026-09-04T17:49:48.532947400Z,event-trade,500000,5000,100,150000,4050,0,0,0,17976.8,30540.8,30112.7,39029.3,40990.4,44641,49876.4,51040.3,26848.8,33616,6767.2,43766.8,6151
2026-09-04T17:49:38.505961500Z,2026-09-04T17:49:48.532947400Z,event-summary,500000,5000,100,150000,4050,0,0,0,22614.7,35213.1,34752.7,43783,45763.1,49980.4,54754.8,55099.1,31323.9,38393.5,7069.6,48997.9,6474
2026-09-04T17:49:38.505961500Z,2026-09-04T17:49:48.532947400Z,batch,100,1,100,150000,4050,0,0,0,27251.5,37555.3,36759.8,45878.5,47518.1,50109,54600.1,55099.1,34135.5,40415,6279.5,49834.2,2
2026-09-04T17:49:48.532947400Z,2026-09-04T17:49:58.538612800Z,event,1500000,15000,100,150000,4118,0,0,0,14448.2,30520.8,30125.6,39087.7,42520,46810.1,53543.9,59262.8,25663.6,34692,9028.4,48234.6,8585
2026-09-04T17:49:48.532947400Z,2026-09-04T17:49:58.538612800Z,event-quote,500000,5000,100,150000,4118,0,0,0,14448.2,25410.9,24648.3,33117.8,35317.3,39186.6,43942.1,44271.9,22368.1,27157.6,4789.5,34341.8,35922
2026-09-04T17:49:48.532947400Z,2026-09-04T17:49:58.538612800Z,event-trade,500000,5000,100,150000,4118,0,0,0,18316.5,30709.3,29842.7,38854.1,40614.5,43823.9,49181.5,49610.6,27379.3,32776.1,5396.8,40871.3,21179
2026-09-04T17:49:48.532947400Z,2026-09-04T17:49:58.538612800Z,event-summary,500000,5000,100,150000,4118,0,0,0,23035.4,35442.1,34705,43384.9,45249.8,48926.1,58905,59262.8,31984.4,37710.3,5725.9,46299.2,14567
2026-09-04T17:49:48.532947400Z,2026-09-04T17:49:58.538612800Z,batch,100,1,100,150000,4118,0,0,0,28324.1,37840.4,36934.3,45649.4,47098.9,49029.5,58239.5,59262.8,34912.9,39328.9,4415.95,45952.8,7
2026-09-04T17:49:58.538612800Z,2026-09-04T17:50:08.503812200Z,event,1500000,15000,100,150000,4100,0,0,0,14276.9,30109.5,29839,38603.8,41910.1,46826.3,55548.9,56488.4,25343.4,34491.1,9147.7,48212.7,8379
2026-09-04T17:49:58.538612800Z,2026-09-04T17:50:08.503812200Z,event-quote,500000,5000,100,150000,4100,0,0,0,14276.9,25034.1,24679.7,32803.3,34387.4,37138.1,39131.5,46235.6,21590.5,27593.7,6003.2,36598.5,6640
2026-09-04T17:49:58.538612800Z,2026-09-04T17:50:08.503812200Z,event-trade,500000,5000,100,150000,4100,0,0,0,17863.2,30297.6,29826,37987.4,40075.9,43567.2,50921.6,50921.6,27004.7,32701.1,5696.4,41245.7,15224
2026-09-04T17:49:58.538612800Z,2026-09-04T17:50:08.503812200Z,event-summary,500000,5000,100,150000,4100,0,0,0,22671.3,34996.8,34603.6,42802.8,44577.8,48432.4,56142.1,56488.4,31385.7,37581.3,6195.6,46874.7,9660
2026-09-04T17:49:58.538612800Z,2026-09-04T17:50:08.503812200Z,batch,100,1,100,150000,4100,0,0,0,27820.3,37316.5,36877.1,44413.9,45860.4,48491.5,55688.7,56488.4,34066.2,39356.2,5289.9,47291,4
2026-09-04T17:50:08.503812200Z,2026-09-04T17:50:18.525092200Z,event,1500000,15000,100,150000,4118,0,0,0,13939.8,29698.7,29510.4,37879.4,40499.8,44890.2,49094.7,50829.9,25192.4,33955.8,8763.4,47100.9,3168
2026-09-04T17:50:08.503812200Z,2026-09-04T17:50:18.525092200Z,event-quote,500000,5000,100,150000,4118,0,0,0,13939.8,24703.6,24652.4,30787.3,32800.1,35746.7,40568.4,40821.2,21679.3,27436.4,5757.1,36072.1,3968
2026-09-04T17:50:08.503812200Z,2026-09-04T17:50:18.525092200Z,event-trade,500000,5000,100,150000,4118,0,0,0,17938.1,29775.7,29730,36141.8,38245,41707.5,45271.7,45587.7,26562.9,32505,5942.1,41418.2,5532
2026-09-04T17:50:08.503812200Z,2026-09-04T17:50:18.525092200Z,event-summary,500000,5000,100,150000,4118,0,0,0,22462.4,34616.9,34522.7,41564.2,43414.1,46257.3,50829.9,50829.9,31297.8,37763.7,6465.9,47462.6,3168
2026-09-04T17:50:08.503812200Z,2026-09-04T17:50:18.525092200Z,batch,100,1,100,150000,4118,0,0,0,26749.3,36943.3,36931,43086,45743.8,47114,50458.3,50829.9,33477,39966.9,6489.98,49701.9,1
2026-09-04T17:50:18.525092200Z,2026-09-04T17:50:28.513363600Z,event,1500000,15000,100,150000,4148,0,0,0,13457.5,30118.6,29694,39329.2,42984.2,46980.9,50432.3,51766.9,25055.3,34566.7,9511.4,48833.8,7523
2026-09-04T17:50:18.525092200Z,2026-09-04T17:50:28.513363600Z,event-quote,500000,5000,100,150000,4148,0,0,0,13457.5,25059.8,24571.7,33220.7,34980.5,37294.3,38553,38697.2,21516.9,27799.7,6282.8,37223.9,5638
2026-09-04T17:50:18.525092200Z,2026-09-04T17:50:28.513363600Z,event-trade,500000,5000,100,150000,4148,0,0,0,17053,30270.2,29743.9,38984.1,40984.4,43586.9,45340.8,45340.8,26455.7,33111.9,6656.2,43096.2,7620
2026-09-04T17:50:18.525092200Z,2026-09-04T17:50:28.513363600Z,event-summary,500000,5000,100,150000,4148,0,0,0,21787.7,35025.7,34431.5,44103.9,45861.1,49399.6,51403.9,51766.9,30984.3,38015.3,7031,48561.8,7809
2026-09-04T17:50:18.525092200Z,2026-09-04T17:50:28.513363600Z,batch,100,1,100,150000,4148,0,0,0,26847.3,37446.4,36726.9,46220.5,47846.8,50576.7,51647.9,51766.9,33647.1,39871.6,6224.55,49208.4,4
2026-09-04T17:50:28.513363600Z,2026-09-04T17:50:38.548205900Z,event,1500000,15000,100,150000,4083,0,0,0,14436.6,31040,30654.7,39248.1,43248,50551.8,57770.7,59116.7,26204,35006.9,8802.9,48211.2,20769
2026-09-04T17:50:28.513363600Z,2026-09-04T17:50:38.548205900Z,event-quote,500000,5000,100,150000,4083,0,0,0,14436.6,26001.3,25278.8,33496.3,35613.4,44285.1,48056.3,48056.3,23057.2,27759.9,4702.7,34813.9,34262
2026-09-04T17:50:28.513363600Z,2026-09-04T17:50:38.548205900Z,event-trade,500000,5000,100,150000,4083,0,0,0,18761.2,31213,30352,39166.3,40856.3,50551.8,53688.5,54973.1,28126.5,32923.7,4797.2,40119.5,36161
2026-09-04T17:50:28.513363600Z,2026-09-04T17:50:38.548205900Z,event-summary,500000,5000,100,150000,4083,0,0,0,23003.7,35905.5,35085.9,43794.4,45903.1,55539.1,58710.2,59116.7,32727.6,37731.8,5004.2,45238.1,31399
2026-09-04T17:50:28.513363600Z,2026-09-04T17:50:38.548205900Z,batch,100,1,100,150000,4083,0,0,0,27843.9,38281.2,37471.2,45907,48038.6,57240.5,58929.1,59116.7,35312.6,39576.5,4263.98,45972.5,10
2026-09-04T17:50:38.548205900Z,2026-09-04T17:50:48.495957100Z,event,1500000,15000,100,150000,4187,0,0,0,13434.3,30255.1,30112.7,38763.9,41895.8,46262.3,54140.3,55161.2,25554.2,34405.4,8851.2,47682.2,7099
2026-09-04T17:50:38.548205900Z,2026-09-04T17:50:48.495957100Z,event-quote,500000,5000,100,150000,4187,0,0,0,13434.3,25286.7,24913.4,32790.5,34650,36949,43660.9,44309.4,21835,28189.8,6354.8,37722,2288
2026-09-04T17:50:38.548205900Z,2026-09-04T17:50:48.495957100Z,event-trade,500000,5000,100,150000,4187,0,0,0,17216.9,30412.1,29952.3,38274.1,40004.1,43076.2,48858.9,50010,26871.5,33098.9,6227.4,42440,6213
2026-09-04T17:50:38.548205900Z,2026-09-04T17:50:48.495957100Z,event-summary,500000,5000,100,150000,4187,0,0,0,21954.8,35066.4,34479.4,42902,44839.3,47771.6,54763.4,55161.2,31449.1,37936.2,6487.1,47666.8,5308
2026-09-04T17:50:38.548205900Z,2026-09-04T17:50:48.495957100Z,batch,100,1,100,150000,4187,0,0,0,26965.1,37382.7,37185.1,45415.8,46621.4,47824,54427.5,55161.2,33591.3,39622.4,6031.1,48669.1,1
2026-09-04T17:50:48.495957100Z,2026-09-04T17:50:58.510596700Z,event,1500000,15000,100,150000,4129,0,0,0,13834.9,30021.1,29792.6,38453.4,41622,45661.1,49522.9,51201.1,25378.6,34261,8882.4,47584.6,4334
2026-09-04T17:50:48.495957100Z,2026-09-04T17:50:58.510596700Z,event-quote,500000,5000,100,150000,4129,0,0,0,13834.9,25100.3,24810.3,32884.9,34617.3,37297.8,41197.4,41616.4,21760.7,27496.2,5735.5,36099.4,12288
2026-09-04T17:50:48.495957100Z,2026-09-04T17:50:58.510596700Z,event-trade,500000,5000,100,150000,4129,0,0,0,18329.4,30131.1,29740,38183.5,39997,42636.8,46026.5,46232.8,26791.7,32644.2,5852.5,41422.9,10295
2026-09-04T17:50:48.495957100Z,2026-09-04T17:50:58.510596700Z,event-summary,500000,5000,100,150000,4129,0,0,0,22696.1,34832,34309.7,42902,44568.7,47245,51201.1,51201.1,31345.8,37456,6110.23,46621.4,7257
2026-09-04T17:50:48.495957100Z,2026-09-04T17:50:58.510596700Z,batch,100,1,100,150000,4129,0,0,0,27921.8,37113,36840,44983.3,46552.6,47884,50869.4,51201.1,33913.7,38818.5,4904.8,46175.7,6
2026-09-04T17:50:58.510596700Z,2026-09-04T17:51:08.540884100Z,event,1500000,15000,100,150000,3982,0,0,0,14285.1,28940.7,28650,37708.3,40830.5,45269.5,48380.8,49521.1,24227.9,33241.1,9013.2,46760.9,8095
2026-09-04T17:50:58.510596700Z,2026-09-04T17:51:08.540884100Z,event-quote,500000,5000,100,150000,3982,0,0,0,14285.1,23985.9,23880.3,31265.1,33582.3,37321.8,40631.5,40923.5,20003,26971.9,6968.9,37425.2,4302
2026-09-04T17:50:58.510596700Z,2026-09-04T17:51:08.540884100Z,event-trade,500000,5000,100,150000,3982,0,0,0,17833.4,29061.4,28939.1,36758.6,39253.7,42734.2,45790.7,45790.7,25187.6,31839.8,6652.2,41818.1,9724
2026-09-04T17:50:58.510596700Z,2026-09-04T17:51:08.540884100Z,event-summary,500000,5000,100,150000,3982,0,0,0,21971.5,33774.8,33366.5,41640.9,44106.1,47519.8,49092.4,49521.1,29774.4,36868.4,7094,47509.4,5498
2026-09-04T17:50:58.510596700Z,2026-09-04T17:51:08.540884100Z,batch,100,1,100,150000,3982,0,0,0,27384.6,36100.1,35944.9,44287.4,45487.5,48434.8,49412.5,49521.1,31980.9,39065.9,7085.05,49693.5,0
2026-09-04T17:51:08.540884100Z,2026-09-04T17:51:18.557166000Z,event,1500000,15000,100,150000,4111,0,0,1,13295.7,29215.9,28858.1,37881.3,41189,45441.8,47210.3,47858.3,24441.7,33570.6,9128.9,47263.9,1482
2026-09-04T17:51:08.540884100Z,2026-09-04T17:51:18.557166000Z,event-quote,500000,5000,100,150000,4111,0,0,1,13295.7,24184.9,23906.9,31754.4,33932.5,36053.2,37756.6,38824.2,20769.4,26674.5,5905.1,35532.2,7800
2026-09-04T17:51:08.540884100Z,2026-09-04T17:51:18.557166000Z,event-trade,500000,5000,100,150000,4111,0,0,1,17822.4,29340,29054.4,37153.7,39559.7,41724.4,43494.7,43494.7,25715.1,32044.1,6329,41537.6,5412
2026-09-04T17:51:08.540884100Z,2026-09-04T17:51:18.557166000Z,event-summary,500000,5000,100,150000,4111,0,0,1,22440.6,34122.7,33745,42520.5,44480.4,46530.4,47548.2,47858.3,30252.6,37135.4,6882.8,47459.6,704
2026-09-04T17:51:08.540884100Z,2026-09-04T17:51:18.557166000Z,batch,100,1,100,150000,4111,0,0,1,26992.6,36461.7,35842.1,45702.4,46857.4,47551.3,47827.6,47858.3,32060.3,39036.7,6976.4,49501.3,0
2026-09-04T17:51:18.557166000Z,2026-09-04T17:51:28.547125700Z,event,1500000,15000,100,150000,4117,0,0,0,13219.2,30488.8,30405.3,39196.5,41987.3,46080.9,49070.9,49815,25633.5,35042.8,9409.3,49156.8,1067
2026-09-04T17:51:18.557166000Z,2026-09-04T17:51:28.547125700Z,event-quote,500000,5000,100,150000,4117,0,0,0,13219.2,25381.7,25086,33373.8,35275.6,37817.5,40015.5,40270.1,21613,28349,6736,38453,2840
2026-09-04T17:51:18.557166000Z,2026-09-04T17:51:28.547125700Z,event-trade,500000,5000,100,150000,4117,0,0,0,17650.5,30700.8,30366.3,38433.6,40597.7,43233.6,45646.3,45646.3,27073.5,33709.7,6636.2,43664,3813
2026-09-04T17:51:18.557166000Z,2026-09-04T17:51:28.547125700Z,event-summary,500000,5000,100,150000,4117,0,0,0,21705.9,35383.8,35021.7,43081,45187.5,48126.3,49512.2,49815,31777.3,38598.5,6821.2,48830.3,2134
2026-09-04T17:51:18.557166000Z,2026-09-04T17:51:28.547125700Z,batch,100,1,100,150000,4117,0,0,0,26019.4,37626.8,37202.9,45417.6,46668.1,49078.3,49741.3,49815,34349.3,40172.8,5823.43,48907.9,2
2026-09-04T17:51:28.547125700Z,2026-09-04T17:51:38.491361100Z,event,1500000,15000,100,150000,4118,0,0,0,13363.9,30402.7,29969.4,39891.9,43337.7,49142.8,57536.8,58966.5,25352.6,34814.9,9462.3,49008.3,15264
2026-09-04T17:51:28.547125700Z,2026-09-04T17:51:38.491361100Z,event-quote,500000,5000,100,150000,4118,0,0,0,13363.9,25292.7,24832.2,33741.9,35495.4,39619.3,47045.7,47045.7,21897.7,27692.4,5794.7,36384.4,15760
2026-09-04T17:51:28.547125700Z,2026-09-04T17:51:38.491361100Z,event-trade,500000,5000,100,150000,4118,0,0,0,17292.2,30647.7,29969.7,39685,41616.4,48439.3,51649.2,52112.4,26948.6,32966.9,6018.3,41994.3,20665
2026-09-04T17:51:28.547125700Z,2026-09-04T17:51:38.491361100Z,event-summary,500000,5000,100,150000,4118,0,0,0,22097.5,35267.7,34522.4,43963.2,46251.6,52150.7,58284.9,58966.5,31545.1,37852.3,6307.2,47313.1,16919
2026-09-04T17:51:28.547125700Z,2026-09-04T17:51:38.491361100Z,batch,100,1,100,150000,4118,0,0,0,27007.5,37531.6,36744.7,46006.9,47288.5,52654.7,58335.3,58966.5,34678,39264.4,4586.4,46144,10
2026-09-04T17:51:38.491361100Z,2026-09-04T17:51:48.574622800Z,event,1515000,15000,100,150000,4228,0,0,0,14164.6,29726.9,29361.8,37838.9,41184.1,46294.3,48150,48688.2,25224.6,33912,8687.4,46943.1,10403
2026-09-04T17:51:38.491361100Z,2026-09-04T17:51:48.574622800Z,event-quote,505000,5000,100,150000,4228,0,0,0,14164.6,24824.1,24582.2,31555.7,35159.3,38393.4,40382.6,40382.6,21778.6,26978,5199.4,34777.1,28680
2026-09-04T17:51:38.491361100Z,2026-09-04T17:51:48.574622800Z,event-trade,505000,5000,100,150000,4228,0,0,0,18777.7,29839.1,29576.4,36722.1,40236.1,42923.9,44092.5,44092.5,26779.6,31952,5172.4,39710.6,29013
2026-09-04T17:51:38.491361100Z,2026-09-04T17:51:48.574622800Z,event-summary,505000,5000,100,150000,4228,0,0,0,23125.8,34517.6,34182.3,42369.8,45149.3,47573.5,48315.5,48688.2,31180.7,36833.4,5652.7,45312.4,22967
2026-09-04T17:51:38.491361100Z,2026-09-04T17:51:48.574622800Z,batch,101,1,100,150000,4228,0,0,0,27433.4,36720.1,36118.1,44453.2,47489.3,48315.5,48650.9,48688.2,34120.6,38752.6,4632,45700.6,9
2026-09-04T17:51:48.574622800Z,2026-09-04T17:51:58.503644800Z,event,1485000,15000,100,150000,4058,0,0,0,13817.7,29964.9,29573.9,38388.7,42398.7,48915.4,54504.2,56132.3,25177.5,34131.1,8953.6,47561.5,21234
2026-09-04T17:51:48.574622800Z,2026-09-04T17:51:58.503644800Z,event-quote,495000,5000,100,150000,4058,0,0,0,13817.7,24915.6,24603.4,32193.5,34910.9,39312,45972.2,46253.4,21634.7,27235.5,5600.8,35636.7,18000
2026-09-04T17:51:48.574622800Z,2026-09-04T17:51:58.503644800Z,event-trade,495000,5000,100,150000,4058,0,0,0,19147,30175.6,29684,38142.6,40743.5,48325.3,50960.6,51375.1,26720.1,32398.9,5678.8,40917.1,22878
2026-09-04T17:51:48.574622800Z,2026-09-04T17:51:58.503644800Z,event-summary,495000,5000,100,150000,4058,0,0,0,23556.4,34803.6,34265.5,42955.7,45433.1,52896.2,55396.6,56132.3,31279.1,37023.2,5744.1,45639.3,23111
2026-09-04T17:51:48.574622800Z,2026-09-04T17:51:58.503644800Z,batch,99,1,100,150000,4058,0,0,0,27765.1,37038.7,36334.1,45487.5,46485.3,54123.6,55931.4,56132.3,33948.2,38833.5,4885.25,46161.4,7
2026-09-04T17:51:58.503644800Z,2026-09-04T17:52:08.569454300Z,event,1500000,15000,100,150000,4188,0,0,1,14645.6,30356.8,30088.8,38808.6,42194.9,46846.1,50030.5,50854.2,25585.8,34652.7,9066.9,48253.1,7984
2026-09-04T17:51:58.503644800Z,2026-09-04T17:52:08.569454300Z,event-quote,500000,5000,100,150000,4188,0,0,1,14645.6,25196.7,24962.7,32168,34656.6,38011.8,39948.6,40284.4,21915.9,27762.2,5846.3,36531.7,9840
2026-09-04T17:51:58.503644800Z,2026-09-04T17:52:08.569454300Z,event-trade,500000,5000,100,150000,4188,0,0,1,19159.5,30481.9,30129.1,37990.5,40385.9,43591.9,45768.3,45768.3,27087.5,33232,6144.5,42448.8,10559
2026-09-04T17:51:58.503644800Z,2026-09-04T17:52:08.569454300Z,event-summary,500000,5000,100,150000,4188,0,0,1,24203.2,35391.9,34878.5,43336.6,45963.1,48751.4,50219,50854.2,31819.9,37971.7,6151.8,47199.4,13341
2026-09-04T17:51:58.503644800Z,2026-09-04T17:52:08.569454300Z,batch,100,1,100,150000,4188,0,0,1,29013.8,37695.6,37227.2,45919.4,47046.1,50408.2,50809.6,50854.2,34834.5,39313.5,4479.02,46032.1,9
2026-09-04T17:52:08.569454300Z,2026-09-04T17:52:18.597297100Z,event,1515000,15000,100,150000,3739,0,0,0,14076.7,29885.6,29624.1,38844.6,41510.6,47597.7,56206.7,57501.7,24986.3,34401.8,9415.5,48525.1,11005
2026-09-04T17:52:08.569454300Z,2026-09-04T17:52:18.597297100Z,event-quote,505000,5000,100,150000,3739,0,0,0,14076.7,24515.7,24418.3,31633.6,34133,37744,47597.7,47597.7,20338.1,27737.2,7399.1,38835.8,1480
2026-09-04T17:52:08.569454300Z,2026-09-04T17:52:18.597297100Z,event-trade,505000,5000,100,150000,3739,0,0,0,18357.1,30102.4,29941.5,37675,40364.3,45403.1,52193.4,52654,25984.3,33281.3,7297,44226.8,6944
2026-09-04T17:52:08.569454300Z,2026-09-04T17:52:18.597297100Z,event-summary,505000,5000,100,150000,3739,0,0,0,22211.1,35038.6,34610.2,42664.6,45694,48783.8,56965.2,57501.7,30900.9,38312.7,7411.8,49430.4,5000
2026-09-04T17:52:08.569454300Z,2026-09-04T17:52:18.597297100Z,batch,101,1,100,150000,3739,0,0,0,28263.1,37470.2,37375.9,44451.8,47598.4,48783.8,56629.9,57501.7,33160.3,40379.3,7219,51207.8,1
2026-09-04T17:52:18.597297100Z,2026-09-04T17:52:28.597791600Z,event,1500000,15000,100,150000,3612,0,0,0,13750.4,29830.2,29292.8,39738,43165.5,47468.2,51348.6,52699.6,24540.2,34641.6,10101.4,49793.7,2782
2026-09-04T17:52:18.597297100Z,2026-09-04T17:52:28.597791600Z,event-quote,500000,5000,100,150000,3612,0,0,0,13750.4,24502.1,23975.6,33295.1,35877.4,38240,39838.8,40644.5,19974.7,27788.6,7813.9,39509.4,920
2026-09-04T17:52:18.597297100Z,2026-09-04T17:52:28.597791600Z,event-trade,500000,5000,100,150000,3612,0,0,0,19016.6,30059,29355.3,39626.6,41885.8,44403.4,46702.4,47206.1,25198.7,33616.8,8418.1,46243.9,1040
2026-09-04T17:52:18.597297100Z,2026-09-04T17:52:28.597791600Z,event-summary,500000,5000,100,150000,3612,0,0,0,23691.7,34929.3,34239,44312.2,46449.3,49468.1,52043.9,52699.6,30115.6,38251.8,8136.2,50456.1,1923
2026-09-04T17:52:18.597297100Z,2026-09-04T17:52:28.597791600Z,batch,100,1,100,150000,3612,0,0,0,29097.6,37336.7,36843.1,46991.4,48497.9,49816.2,52411.3,52699.6,32692.2,40667.6,7975.38,52630.7,1
2026-09-04T17:52:28.597791600Z,2026-09-04T17:52:38.549151000Z,event,1485000,15000,100,150000,3456,0,0,0,13847.6,29751.6,29169.3,39131.3,42853.1,46920.8,53711.2,55278.8,24603.9,34324.4,9720.5,48905.2,9149
2026-09-04T17:52:28.597791600Z,2026-09-04T17:52:38.549151000Z,event-quote,495000,5000,100,150000,3456,0,0,0,13847.6,24539.2,23985.7,32526,34831.3,37141.3,44615.9,44615.9,20528.5,27744.1,7215.6,38567.5,1040
2026-09-04T17:52:28.597791600Z,2026-09-04T17:52:38.549151000Z,event-trade,495000,5000,100,150000,3456,0,0,0,18954.2,29947.6,29409.5,38533.2,40875.8,44784.2,49862.6,49862.6,25500.9,33106.3,7605.4,44514.4,5333
2026-09-04T17:52:28.597791600Z,2026-09-04T17:52:38.549151000Z,event-summary,495000,5000,100,150000,3456,0,0,0,23389.4,34768,34113.4,44036.7,45891,49871,54373.2,55278.8,30229.3,38198.9,7969.6,50153.3,4499
2026-09-04T17:52:28.597791600Z,2026-09-04T17:52:38.549151000Z,batch,99,1,100,150000,3456,0,0,0,28107.4,37138.2,36126.2,46413.4,46894.3,49979.2,54748.8,55278.8,32621.1,40424.2,7803.05,52128.7,1
2026-09-04T17:52:38.549151000Z,2026-09-04T17:52:48.527250600Z,event,1500000,15000,100,150000,3519,0,0,0,13846.7,29467.1,29269.3,38059.5,41036.4,47100.8,50343,51181.4,24496.2,34150,9653.8,48630.7,6683
2026-09-04T17:52:38.549151000Z,2026-09-04T17:52:48.527250600Z,event-quote,500000,5000,100,150000,3519,0,0,0,13846.7,24158.6,23722.5,31533.9,34688.4,38058.1,40062.7,40062.7,20296.9,27052.6,6755.7,37186.2,9840
2026-09-04T17:52:38.549151000Z,2026-09-04T17:52:48.527250600Z,event-trade,500000,5000,100,150000,3519,0,0,0,17998.9,29689.8,29380.1,36820.1,40420.9,43685.6,45370,46462.9,25908.4,32647.1,6738.7,42755.2,10451
2026-09-04T17:52:38.549151000Z,2026-09-04T17:52:48.527250600Z,event-summary,500000,5000,100,150000,3519,0,0,0,22634.3,34553,34308.8,41539.6,45705.9,48822.7,50779.9,51181.4,30678.2,37336.2,6658,47323.2,13105
2026-09-04T17:52:38.549151000Z,2026-09-04T17:52:48.527250600Z,batch,100,1,100,150000,3519,0,0,0,27877,37023.3,36568.7,44490.8,48692.7,50351.4,51098.4,51181.4,33140.4,39214.2,6073.88,48325.1,6
2026-09-04T17:52:48.527250600Z,2026-09-04T17:52:58.494237000Z,event,1500000,15000,100,150000,3519,0,0,0,13913.4,28948.4,28484.4,38892.4,42435.3,48969.1,53939.3,55956.9,23501.8,33513.6,10011.8,48531.3,17454
2026-09-04T17:52:48.527250600Z,2026-09-04T17:52:58.494237000Z,event-quote,500000,5000,100,150000,3519,0,0,0,13913.4,23486.7,21996.5,31570.9,35216.7,40029.2,42817.2,43025.1,19021.1,26921,7899.9,38770.8,9320
2026-09-04T17:52:48.527250600Z,2026-09-04T17:52:58.494237000Z,event-trade,500000,5000,100,150000,3519,0,0,0,18473.1,29081,27938.5,37743.3,41639.8,46356,48969.1,49948.7,24361.7,32511.9,8150.2,44737.2,10666
2026-09-04T17:52:48.527250600Z,2026-09-04T17:52:58.494237000Z,event-summary,500000,5000,100,150000,3519,0,0,0,23248.1,34277.5,33060.9,42774.7,45905.5,52258.6,55263,55956.9,29893.8,37522.7,7628.9,48966.1,14411
2026-09-04T17:52:48.527250600Z,2026-09-04T17:52:58.494237000Z,batch,100,1,100,150000,3519,0,0,0,28575.9,36745.7,35310.1,44547.8,48403.4,53347.4,55695.9,55956.9,32057.5,39948.2,7890.77,51784.4,3
2026-09-04T17:52:58.494237000Z,2026-09-04T17:53:08.497379500Z,event,1500000,15000,100,150000,3481,0,0,0,13683.1,29393.4,28831.2,39126.5,42241.8,47216.8,50502.4,52064.4,24265.3,34164.4,9899.1,49013.1,5485
2026-09-04T17:52:58.494237000Z,2026-09-04T17:53:08.497379500Z,event-quote,500000,5000,100,150000,3481,0,0,0,13683.1,23958.3,23423.8,30711.6,33869.8,37632.4,40092,40092,19855.6,27462.4,7606.8,38872.6,2000
2026-09-04T17:52:58.494237000Z,2026-09-04T17:53:08.497379500Z,event-trade,500000,5000,100,150000,3481,0,0,0,17946.4,29499.3,28919.4,37392.4,40095.9,43982.6,45138.9,45185,25009.3,33234.6,8225.3,45572.6,0
2026-09-04T17:52:58.494237000Z,2026-09-04T17:53:08.497379500Z,event-summary,500000,5000,100,150000,3481,0,0,0,22316.6,34722.7,34110.7,43336.8,45811,49220.7,51429.5,52064.4,30014.4,38787.6,8773.2,51947.4,495
2026-09-04T17:52:58.494237000Z,2026-09-04T17:53:08.497379500Z,batch,100,1,100,150000,3481,0,0,0,26916.2,37090.8,37100.2,44818.8,47700,49863,51844.3,52064.4,32179.6,40579.1,8399.42,53178.2,0
2026-09-04T17:53:08.497379500Z,2026-09-04T17:53:18.590579700Z,event,1515000,15000,100,150000,3824,0,0,0,13828.2,31782.8,31439.6,41650,45159.1,50905.9,62761.5,63880.3,26264.9,36515.2,10250.3,51890.7,12057
2026-09-04T17:53:08.497379500Z,2026-09-04T17:53:18.590579700Z,event-quote,505000,5000,100,150000,3824,0,0,0,13828.2,26297.7,25499.9,35040.2,36948.5,40179.8,50961,51250.2,22165.3,29601.5,7436.2,40755.8,4240
2026-09-04T17:53:08.497379500Z,2026-09-04T17:53:18.590579700Z,event-trade,505000,5000,100,150000,3824,0,0,0,18243.4,31912.3,31170.2,40698.4,42729.9,48188.4,56777.3,57353.2,27732.4,35288.7,7556.3,46623.2,6226
2026-09-04T17:53:08.497379500Z,2026-09-04T17:53:18.590579700Z,event-summary,505000,5000,100,150000,3824,0,0,0,22871.8,37138.4,36370.8,46006.7,48418.4,54726.7,63880.3,63880.3,32792.8,40624.4,7831.6,52371.8,7497
2026-09-04T17:53:08.497379500Z,2026-09-04T17:53:18.590579700Z,batch,101,1,100,150000,3824,0,0,0,28649.7,39733.5,38673.1,48324.6,50162.2,54726.7,62964.9,63880.3,35812.4,43357.5,7545.1,54675.2,2
2026-09-04T17:53:18.590579700Z,2026-09-04T17:53:28.525253200Z,event,1485000,15000,100,150000,3578,0,0,0,14148.2,29390.7,29058.2,38269.7,41082.1,47337.7,59239.7,59722.8,24583.9,33903.5,9319.6,47882.9,13930
2026-09-04T17:53:18.590579700Z,2026-09-04T17:53:28.525253200Z,event-quote,495000,5000,100,150000,3578,0,0,0,14148.2,24139.2,23846.1,31459,34694.8,37099.2,38877,49145.7,19992,27281.3,7289.3,38215.2,1360
2026-09-04T17:53:18.590579700Z,2026-09-04T17:53:28.525253200Z,event-trade,495000,5000,100,150000,3578,0,0,0,19356.5,29597.4,29247.1,37139.8,40058.2,44798.5,54854.9,54854.9,25288.1,32679.1,7391,43765.6,6026
2026-09-04T17:53:18.590579700Z,2026-09-04T17:53:28.525253200Z,event-summary,495000,5000,100,150000,3578,0,0,0,24030.5,34435.6,33995.8,42419.4,45200.2,53744.3,59722.8,59722.8,30120.9,37525.9,7405,48633.4,7706
2026-09-04T17:53:18.590579700Z,2026-09-04T17:53:28.525253200Z,batch,99,1,100,150000,3578,0,0,0,28563.5,36847.8,36576.8,45018.1,47267.8,51228.6,58873.4,59722.8,32361.5,39543.8,7182.4,50317.4,2
2026-09-04T17:53:28.525253200Z,2026-09-04T17:53:38.539783200Z,event,1500000,15000,100,150000,3559,0,0,0,13590,29148.8,28632,37764.6,41262.7,49122.3,58459.2,59423.2,24132.8,33560.8,9428,47702.8,22421
2026-09-04T17:53:28.525253200Z,2026-09-04T17:53:38.539783200Z,event-quote,500000,5000,100,150000,3559,0,0,0,13590,23884.5,23313.1,30556.8,34422.3,38480.5,48938,49172.5,20044.5,26683.1,6638.6,36641,10600
2026-09-04T17:53:28.525253200Z,2026-09-04T17:53:38.539783200Z,event-trade,500000,5000,100,150000,3559,0,0,0,17740,29303.1,28654.7,35980,40319.1,46676.9,54211,54732.9,25212.8,32134.8,6922,42517.8,14572
2026-09-04T17:53:28.525253200Z,2026-09-04T17:53:38.539783200Z,event-summary,500000,5000,100,150000,3559,0,0,0,22659.8,34258.8,33685.8,41868.2,46029.4,52906.6,59121.4,59423.2,30142.2,37045.3,6903.1,47399.9,18836
2026-09-04T17:53:28.525253200Z,2026-09-04T17:53:38.539783200Z,batch,100,1,100,150000,3559,0,0,0,27810.8,36634.5,36068.4,43724.9,47853.5,52958.2,58776.7,59423.2,32684.7,38632.8,5948.1,47554.9,7
2026-09-04T17:53:38.539783200Z,2026-09-04T17:53:48.573501800Z,event,1500000,15000,100,150000,3653,0,0,1,14077.7,30140.3,29489.9,40428,44571.5,49677.6,55443.3,55937.4,24583.4,34866,10282.6,50289.9,11878
2026-09-04T17:53:38.539783200Z,2026-09-04T17:53:48.573501800Z,event-quote,500000,5000,100,150000,3653,0,0,1,14077.7,24711.4,23679,34826.2,37441.1,40300.3,44026.6,44552,20239.3,27473.9,7234.6,38325.8,15874
2026-09-04T17:53:38.539783200Z,2026-09-04T17:53:48.573501800Z,event-trade,500000,5000,100,150000,3653,0,0,1,18786.2,30309.3,29221.9,40564.2,42946.1,45587.9,50008.4,50685.7,25690.3,33352.6,7662.3,44846.1,7679
2026-09-04T17:53:38.539783200Z,2026-09-04T17:53:48.573501800Z,event-summary,500000,5000,100,150000,3653,0,0,1,23460.5,35400.3,34326.5,46109,48448.2,52303.1,55937.4,55937.4,30797.7,38188.8,7391.1,49275.4,17044
2026-09-04T17:53:38.539783200Z,2026-09-04T17:53:48.573501800Z,batch,100,1,100,150000,3653,0,0,1,28183.7,37872.7,37102.3,49042.3,50343.5,52904.4,55634.1,55937.4,32782,40148.9,7366.95,51199.4,3
2026-09-04T17:53:48.573501800Z,2026-09-04T17:53:58.574886700Z,event,1515000,15000,100,150000,3634,0,0,0,13800.4,29430.5,28827.2,38871.4,42520.2,47326.8,49691.4,50100.2,24352.2,34115.8,9763.6,48761.2,5694
2026-09-04T17:53:48.573501800Z,2026-09-04T17:53:58.574886700Z,event-quote,505000,5000,100,150000,3634,0,0,0,13800.4,24107.4,23739.9,31646.8,34915.2,37596.1,38755.7,38983.4,19997.1,27112.6,7115.5,37785.8,4400
2026-09-04T17:53:48.573501800Z,2026-09-04T17:53:58.574886700Z,event-trade,505000,5000,100,150000,3634,0,0,0,18233.9,29507.2,29116.2,37941.3,40885,43562.8,44573.2,45613,25321,32576.9,7255.9,43460.8,6210
2026-09-04T17:53:48.573501800Z,2026-09-04T17:53:58.574886700Z,event-summary,505000,5000,100,150000,3634,0,0,0,22836.8,34677,34277.1,43822.7,46195.1,48795.2,49703.3,50100.2,30255.3,37946.6,7691.3,49483.6,1557
2026-09-04T17:53:48.573501800Z,2026-09-04T17:53:58.574886700Z,batch,101,1,100,150000,3634,0,0,0,27352.5,37050.9,36550.8,46298.8,47814.7,49703.3,50060.5,50100.2,32502.3,39817.1,7314.8,50789.3,0
2026-09-04T17:53:58.574886700Z,2026-09-04T17:54:08.506119100Z,event,1485000,15000,100,150000,3571,0,0,0,13829.1,29723.7,29251,39201,42487.4,47796.1,56420.3,56968.6,24546.8,34423.1,9876.3,49237.6,9332
2026-09-04T17:53:58.574886700Z,2026-09-04T17:54:08.506119100Z,event-quote,495000,5000,100,150000,3571,0,0,0,13829.1,24424.7,23764.3,32633.9,35179.7,37620.8,40477.9,40477.9,19959.6,27829.6,7870,39634.6,840
2026-09-04T17:53:58.574886700Z,2026-09-04T17:54:08.506119100Z,event-trade,495000,5000,100,150000,3571,0,0,0,18209.4,29824.7,29299.8,38209.5,40633,43841.7,46203.6,46203.6,25361.9,33218.9,7857,45004.4,1466
2026-09-04T17:53:58.574886700Z,2026-09-04T17:54:08.506119100Z,event-summary,495000,5000,100,150000,3571,0,0,0,22595,34921.7,34233.6,43649.4,46197.9,52594.3,56871.9,56968.6,30251.3,38623.2,8371.9,51181.1,5566
2026-09-04T17:53:58.574886700Z,2026-09-04T17:54:08.506119100Z,batch,99,1,100,150000,3571,0,0,0,27282.9,37419.9,36675.8,46292,48744.4,56873.8,56959.1,56968.6,32380.4,40596.4,8216,52920.4,2
2026-09-04T17:54:08.506119100Z,2026-09-04T17:54:18.542514300Z,event,1500000,15000,100,150000,3658,0,0,0,13631.6,29828.3,29460,39404,42879.6,48014.7,57120.6,58229.9,24540.6,34556.8,10016.2,49581.1,9014
2026-09-04T17:54:08.506119100Z,2026-09-04T17:54:18.542514300Z,event-quote,500000,5000,100,150000,3658,0,0,0,13631.6,24469.9,23797,32760.4,35194.3,38642.3,48139.1,48139.1,20191.7,27677.2,7485.5,38905.4,4348
2026-09-04T17:54:08.506119100Z,2026-09-04T17:54:18.542514300Z,event-trade,500000,5000,100,150000,3658,0,0,0,18083.1,30034.7,29505.5,38519.4,40975.6,44979.3,52928.9,53709.2,25474.6,33409.5,7934.9,45311.8,5000
2026-09-04T17:54:08.506119100Z,2026-09-04T17:54:18.542514300Z,event-summary,500000,5000,100,150000,3658,0,0,0,22943.6,34980.2,34312.4,43404.9,45765.9,49874.2,57627.9,58229.9,30546.2,38527.3,7981.1,50498.9,5000
2026-09-04T17:54:08.506119100Z,2026-09-04T17:54:18.542514300Z,batch,100,1,100,150000,3658,0,0,0,27763.9,37346.9,36565.8,45886.2,47344.7,49929.8,57399.9,58229.9,32860.2,40480.6,7620.38,51911.2,1
2026-09-04T17:54:18.542514300Z,2026-09-04T17:54:28.519922200Z,event,1500000,15000,100,150000,3596,0,0,0,13628,29666.9,29249.5,39033.9,41872.5,48382.9,59024.7,60573.8,24433.1,34520.3,10087.2,49651.1,10558
2026-09-04T17:54:18.542514300Z,2026-09-04T17:54:28.519922200Z,event-quote,500000,5000,100,150000,3596,0,0,0,13628,24426,23779.5,32558.5,34789.1,37711.9,48556,48556,19929.3,28120.8,8191.5,40408.1,840
2026-09-04T17:54:18.542514300Z,2026-09-04T17:54:28.519922200Z,event-trade,500000,5000,100,150000,3596,0,0,0,18134.5,29842.8,29264.4,37721.9,40284.9,46777.8,54384.2,54384.2,25016,33586.4,8570.4,46442,5453
2026-09-04T17:54:18.542514300Z,2026-09-04T17:54:28.519922200Z,event-summary,500000,5000,100,150000,3596,0,0,0,22615.4,34731.9,34197.3,42569.2,45609.5,51548.6,60137.3,60573.8,30084.8,38437.7,8352.9,50967.1,5779
2026-09-04T17:54:18.542514300Z,2026-09-04T17:54:28.519922200Z,batch,100,1,100,150000,3596,0,0,0,28370.6,37087,36718.3,44964.4,47208.4,51617.8,59678.2,60573.8,31901.4,40927.4,9026,54466.4,1
2026-09-04T17:54:28.519922200Z,2026-09-04T17:54:38.493609000Z,event,1500000,15000,100,150000,3627,0,0,0,13556.8,29806.4,29575.2,38435.5,41027.1,46217.4,48420.5,50149.8,24950.2,34313.7,9363.5,48358.9,1846
2026-09-04T17:54:28.519922200Z,2026-09-04T17:54:38.493609000Z,event-quote,500000,5000,100,150000,3627,0,0,0,13556.8,24519.2,24352.7,31571.2,33649,36347,37618.3,37929.2,20755.5,27658.5,6903,38013,0
2026-09-04T17:54:28.519922200Z,2026-09-04T17:54:38.493609000Z,event-trade,500000,5000,100,150000,3627,0,0,0,18403.9,30014.3,29840.7,37242.3,39483.1,42550.5,43827.7,44214.1,26057.3,33405.8,7348.5,44428.6,0
2026-09-04T17:54:28.519922200Z,2026-09-04T17:54:38.493609000Z,event-summary,500000,5000,100,150000,3627,0,0,0,22706,34885.7,34780.6,42419.7,44827.3,47959.7,49391.5,50149.8,30853,38207.5,7354.5,49239.2,1067
2026-09-04T17:54:28.519922200Z,2026-09-04T17:54:38.493609000Z,batch,100,1,100,150000,3627,0,0,0,27124.3,37254.3,37125.8,45119.7,47960.6,48437.8,49978.6,50149.8,33374.5,39955.1,6580.57,49825.9,1
2026-09-04T17:54:38.493609000Z,2026-09-04T17:54:48.593792900Z,event,1515000,15000,100,150000,3623,0,0,0,13688.6,29231.3,28775.1,38339.1,41456.2,46514.5,50109.5,50611.3,24197.2,33825.8,9628.6,48268.7,5981
2026-09-04T17:54:38.493609000Z,2026-09-04T17:54:48.593792900Z,event-quote,505000,5000,100,150000,3623,0,0,0,13688.6,23980.2,23573,30846.1,34348,37286.7,39230.6,39230.6,19995.7,27086,7090.3,37721.4,3360
2026-09-04T17:54:38.493609000Z,2026-09-04T17:54:48.593792900Z,event-trade,505000,5000,100,150000,3623,0,0,0,18396.4,29317.5,28946.3,37100,40100.6,43292.3,45425.1,45425.1,24982.6,32646.3,7663.7,44141.8,2879
2026-09-04T17:54:38.493609000Z,2026-09-04T17:54:48.593792900Z,event-summary,505000,5000,100,150000,3623,0,0,0,22317.6,34396.2,33887.7,42418.4,45407.7,48432.6,50145.8,50611.3,29969.8,37826.2,7856.4,49610.8,2420
2026-09-04T17:54:38.493609000Z,2026-09-04T17:54:48.593792900Z,batch,101,1,100,150000,3623,0,0,0,27166.4,36869.2,36806.2,44618.1,47779.9,50109.5,50561.1,50611.3,32433.7,39642.6,7208.9,50455.9,1
2026-09-04T17:54:48.593792900Z,2026-09-04T17:54:58.539929800Z,event,1485000,15000,100,150000,3503,0,0,0,14066.1,28796.2,28391.6,37746.6,41064.6,46076,48453.6,48803.5,23830.9,33175.5,9344.6,47192.4,7616
2026-09-04T17:54:48.593792900Z,2026-09-04T17:54:58.539929800Z,event-quote,495000,5000,100,150000,3503,0,0,0,14066.1,23649.3,22860.1,31455.9,34328.4,37784.8,39711.7,39711.7,19627.2,26716.4,7089.2,37350.2,5600
2026-09-04T17:54:48.593792900Z,2026-09-04T17:54:58.539929800Z,event-trade,495000,5000,100,150000,3503,0,0,0,18720.5,28972.7,28192.5,37375.1,40085,43338.6,44764.8,45169,24846.1,31876.3,7030.2,42421.6,8557
2026-09-04T17:54:48.593792900Z,2026-09-04T17:54:58.539929800Z,event-summary,495000,5000,100,150000,3503,0,0,0,22879.9,33766.7,33048.6,41833.9,44772.7,47616.2,48803.5,48803.5,29745.3,36775.9,7030.6,47321.8,6757
2026-09-04T17:54:48.593792900Z,2026-09-04T17:54:58.539929800Z,batch,99,1,100,150000,3503,0,0,0,27862.8,36135.9,35333,44082.9,47153,48460.6,48769.2,48803.5,32162.9,38691.7,6528.75,48484.8,1
2026-09-04T17:54:58.539929800Z,2026-09-04T17:55:08.537209200Z,event,1500000,15000,100,150000,3573,0,0,0,13847.6,29178.9,28831.7,37955.1,41590.9,46350.5,50093.9,50792.4,24244.2,33707.1,9462.9,47901.4,8556
2026-09-04T17:54:58.539929800Z,2026-09-04T17:55:08.537209200Z,event-quote,500000,5000,100,150000,3573,0,0,0,13847.6,23960,23445.9,31516.6,34505.5,37641.6,39501.6,39985,19926.7,26958,7031.3,37504.9,5720
2026-09-04T17:54:58.539929800Z,2026-09-04T17:55:08.537209200Z,event-trade,500000,5000,100,150000,3573,0,0,0,18269.9,29300.8,28894.5,36949.9,40183.2,43752.5,45355.1,45890.5,25240.4,32302.4,7062,42895.4,7010
2026-09-04T17:54:58.539929800Z,2026-09-04T17:55:08.537209200Z,event-summary,500000,5000,100,150000,3573,0,0,0,22812.5,34276.1,33767.1,42285.8,44935.3,48712.2,50792.4,50792.4,30120,37285,7165,48032.5,6839
2026-09-04T17:54:58.539929800Z,2026-09-04T17:55:08.537209200Z,batch,100,1,100,150000,3573,0,0,0,27392.1,36762.2,36488.4,45147.1,47253,50419.4,50755.1,50792.4,32899.3,38887.7,5988.35,47870.2,4
2026-09-04T17:55:08.537209200Z,2026-09-04T17:55:18.531860300Z,event,1500000,15000,100,150000,3474,0,0,0,13659,29124.1,28484,39393.9,42634.3,47074.1,52650.3,55689.4,23765,33895.1,10130.1,49090.2,4499
2026-09-04T17:55:08.537209200Z,2026-09-04T17:55:18.531860300Z,event-quote,500000,5000,100,150000,3474,0,0,0,13659,23819,22635.2,33255.1,35584.6,38496.8,41752.8,41974.3,19488.4,26977.6,7489.2,38211.4,6028
2026-09-04T17:55:08.537209200Z,2026-09-04T17:55:18.531860300Z,event-trade,500000,5000,100,150000,3474,0,0,0,18032,29312.9,28101.7,38921.4,40909.2,43882.4,47377.2,47885.7,24756.9,32792.6,8035.7,44846.2,2960
2026-09-04T17:55:08.537209200Z,2026-09-04T17:55:18.531860300Z,event-summary,500000,5000,100,150000,3474,0,0,0,22872.4,34240.4,33028.5,43763.2,45917.6,48439.8,53357.9,55689.4,29573.2,37925,8351.8,50452.7,3355
2026-09-04T17:55:08.537209200Z,2026-09-04T17:55:18.531860300Z,batch,100,1,100,150000,3474,0,0,0,27684.7,36636.6,35534.5,46369.7,47575.3,48824,55002.9,55689.4,32139.7,39432.1,7292.4,50370.7,1
2026-09-04T17:55:18.531860300Z,2026-09-04T17:55:18.804330900Z,event,30000,15000,100,150000,80,0,0,0,18331.8,30414.5,29951.1,39757.1,41767.7,42445,42779.2,42779.2,25845.3,35014,9168.7,48767.1,0
2026-09-04T17:55:18.531860300Z,2026-09-04T17:55:18.804330900Z,event-quote,10000,5000,100,150000,80,0,0,0,18331.8,24994,24694.8,30953.1,31593.4,31872.6,31872.6,31872.6,20993.3,28673.1,7679.8,40192.8,0
2026-09-04T17:55:18.531860300Z,2026-09-04T17:55:18.804330900Z,event-trade,10000,5000,100,150000,80,0,0,0,23223.1,30626.3,30007.5,37532.6,38262.2,38262.2,38262.2,38262.2,25845.3,35014,9168.7,48767.1,0
2026-09-04T17:55:18.531860300Z,2026-09-04T17:55:18.804330900Z,event-summary,10000,5000,100,150000,80,0,0,0,27951.2,35623.4,34975.3,42445,42445,42779.2,42779.2,42779.2,31307.1,40919.1,9612,55337.1,0
2026-09-04T17:55:18.531860300Z,2026-09-04T17:55:18.804330900Z,batch,2,1,100,150000,80,0,0,0,33231.4,38005.3,38005.3,41824.4,42301.8,42683.7,42769.7,42779.2,35618.3,40392.2,4773.9,47553.1,0
2026-09-04T17:45:16.651201700Z,2026-09-04T17:55:18.804330900Z,event-total,90015000,15000,100,150000,236548,0,0,0,13049.4,29925.9,29565.4,38789.6,42148.3,47210.6,54723.4,63880.3,24998.4,34361,9362.6,48404.9,573454
2026-09-04T17:45:16.651201700Z,2026-09-04T17:55:18.804330900Z,event-quote-total,30005000,5000,100,150000,236548,0,0,0,13049.4,24797.1,24411.7,32675.9,35003.2,37967.2,45387.7,51250.2,21108.2,27478.4,6370.2,37033.7,542854
2026-09-04T17:45:16.651201700Z,2026-09-04T17:55:18.804330900Z,event-trade-total,30005000,5000,100,150000,236548,0,0,0,16816.9,30097.1,29648.6,38255,40538.5,44148.9,51649.2,57353.2,26285.5,32876,6590.5,42761.8,564550
2026-09-04T17:45:16.651201700Z,2026-09-04T17:55:18.804330900Z,event-summary-total,30005000,5000,100,150000,236548,0,0,0,21484.1,34883.6,34355.6,43139.5,45495.1,49652.9,56968.6,63880.3,30999.5,37777.8,6778.3,47945.2,549445
2026-09-04T17:45:16.651201700Z,2026-09-04T17:55:18.804330900Z,batch-total,6001,1,100,150000,236548,0,0,0,26019.4,37237.9,36686.8,45700.1,47556.4,51361.9,59116.7,63880.3,33462.8,39674.6,6211.8,48992.3,161
